author,date,text
Khsitij3,2020-02-29 05:09:49,b'RT @Sharanyashettyy: This is celebrated.. But if India chooses to simply fasten the process of citizenship of those persecuted in neighbour\xe2\x80\xa6'
sdgofficial_BJP,2020-02-29 05:09:49,"b""RT @sarbanandsonwal: Blessed to offer my tribute to the man who is the symbol of India's unity and integrity. At Statue of Unity\n#SardarVal\xe2\x80\xa6"""
RAJAGOPALAN_NS,2020-02-29 05:09:49,b'RT @jihadwatchRS: India: Leftist news outlet NDTV edits out images of mosque with stockpile of stones from video on riots https://t.co/pQUJ\xe2\x80\xa6'
astockard639,2020-02-29 05:09:49,"b'RT @WhiteHouse: In India, President @realDonaldTrump ""offered a bright vision of future friendship between the world\xe2\x80\x99s most powerful and it\xe2\x80\xa6'"
cricket__gyaan,2020-02-29 05:09:49,b'RT @BCCI: Innings Break!\n\nIndia all out for 242.\n\nFollow the game - https://t.co/VTLQt4iEFz #NZvIND https://t.co/agR0cLMcpZ'
vivksingh,2020-02-29 05:09:49,"b'RT @majorgauravarya: The killings in Delhi are heartbreaking. But in a bid to be seen as strongman of the Islamic world, Erdogan talks only\xe2\x80\xa6'"
JunedYousufzai,2020-02-29 05:09:49,b'RT @EdwardGLuce: \xe2\x80\x9cIndia is being led by a man whose political career is marked by the blood of innocents\xe2\x80\x9d. The fearless @RanaAyyub on the s\xe2\x80\xa6'
rayybahry,2020-02-29 05:09:49,"b'RT @arjunsethi81: If you haven\xe2\x80\x99t been following the latest out of India, this video tells you everything you need to know. \n\nA pogrom again\xe2\x80\xa6'"
GumbyAKhan,2020-02-29 05:09:50,"b'RT @NHasina1: Given the violence of the past 72 hours, how can anyone doubt India\xe2\x80\x99s 200 million Muslims now find themselves on the brink of\xe2\x80\xa6'"
SamuelArnon,2020-02-29 05:09:49,b'@BJP4India @INCIndia A Human WRITE ?\n\nto TEACH Hidden #HumanRights ?\n\nwith SIGHT on WEST ?\n\nAnd an ADVISE to\n\nto TE\xe2\x80\xa6 https://t.co/Y0g4rBSvBl'
BasecampH,2020-02-29 05:09:50,b'RT @Hudzaifa1453: when Muslims are a minority the idea of \xe2\x80\x8b\xe2\x80\x8bhumanity is nonsense n HumanRights activists are silenced\n@mas1rwan\n@VADUKA__KO\xe2\x80\xa6'
Satyajeet3289,2020-02-29 05:09:50,b'Predicting a bumrah 5+-for and a lead of 50 for India in the first innings\n#INDvNZ'
ShahinAshraff,2020-02-29 05:09:50,"b'RT @business: Modi\xe2\x80\x99s new detention camps are the front lines of India\xe2\x80\x99s citizenship battle, and millions could end up in them https://t.co/\xe2\x80\xa6'"
Rebecca46347748,2020-02-29 05:09:50,"b'RT @AshaRangappa_: Is this supposed to be a positive? Lack of sleep contributes to poor brain functioning, lower immunity, and overall poor\xe2\x80\xa6'"
rajfederer,2020-02-29 05:09:50,"b'RT @cjwerleman: \xe2\x80\x9cIndia is being led by a man whose political career is marked by the blood of innocents,\xe2\x80\x9d writes \xe2\x81\xa6@RanaAyyub\xe2\x81\xa9. https://t.co\xe2\x80\xa6'"
krish_vijayan,2020-02-29 05:09:50,b'Circumcision ceremony of Shivasena is now public'
sembianvino,2020-02-29 05:09:50,b'Define One nation as per constitution of india.'
IamAdnan0522,2020-02-29 05:09:50,b'RT @_imAbdul: NYC came out condemning the Fascist state of India!! \n\nShame on the Indian government for failing in their duty of serving n\xe2\x80\xa6'
irumaminlive,2020-02-29 05:09:51,b'RT @ZaidZamanHamid: Warning: Graphic violence by RSS Hindu lynch mobs against Muslims of Delhi....\nIt is happening all over India under dir\xe2\x80\xa6'
dev_discourse,2020-02-29 05:09:51,"b'Rabada ruled out of India tour, Australia ODI series\n https://t.co/wfMwQ8YKtv'"
SumitSa49362148,2020-02-29 05:09:51,b'RT @dpradhanbjp: I am delighted that today India and Japan are collaborating on specific areas of economic interests.\n\nGoing by global tren\xe2\x80\xa6'
SadSong1,2020-02-29 05:09:51,"b""RT @PoojaPrasanna4: One of these 'actors', Faizan, died today because of his injuries, you hateful demon.  #Delhi"""
HassanAimal,2020-02-29 05:09:51,b'RT @EdwardGLuce: \xe2\x80\x9cIndia is being led by a man whose political career is marked by the blood of innocents\xe2\x80\x9d. The fearless @RanaAyyub on the s\xe2\x80\xa6'
EzhilanKirthika,2020-02-29 05:09:51,"b'RT @SadhguruJV: Whatever the issues there are Peaceful and Democratic ways to settle them. There are big fights for India against Poverty,\xe2\x80\xa6'"
onemelek1,2020-02-29 05:09:51,b'RT @KhaledBeydoun: During the Muslim slaughter in #Delhi:\n\n\xe2\x9c\x94\xef\xb8\x8fChristian leaders opened up their Churches to injured &amp; afraid Muslims\n\n\xe2\x9c\x94\xef\xb8\x8fSikh\xe2\x80\xa6'
Awake_Hindu,2020-02-29 05:09:51,"b""RT @AskRK2: hahaha both SOB @kanhaiyakumar  @UmarKhalidJNU have faith in Indian Judiciary and that's the reason he along with other Mullahs\xe2\x80\xa6"""
VOSSHOPUK,2020-02-29 05:09:52,b'RT @SHABAZGIL: BBC World explaining painful situation in Delhi India   https://t.co/5zj1o0rNFX'
Cricketracker,2020-02-29 05:09:52,b'Another batting collapse for India. #NZvIND https://t.co/wBrX5DSgO4'
IACBilaspur,2020-02-29 05:09:52,b'RT @davidfrawleyved: Anti-CAA logic: Oppressed Hindu migrants from Pakistan who come in legally should receive no special help. Muslim migr\xe2\x80\xa6'
hindureporter,2020-02-29 05:09:52,b'RT @svaradarajan: Where the Linear Progression of Hindutva Will Take India https://t.co/vkge9Vmkhw via @thewire_in'
RaghuRaj7741200,2020-02-29 05:09:52,"b'RT @RaghuRaj7741200: #GodMorningSaturday\nWho kill animal will be punished by the God rule. ""Saint Rampal Ji Maharaj"" explaining the actual\xe2\x80\xa6'"
qurrAAtu,2020-02-29 05:09:52,b'RT @darrxnn: what the fuck is wrong with the world'
Vidit43158450,2020-02-29 05:09:52,"b""@harleydavidson a fan of your bikes from college days but still can't afford. India is changing a lot , people here\xe2\x80\xa6 https://t.co/dhv2zH4pIX"""
RakshithBJ2,2020-02-29 05:09:52,"b'RT @ESPNcricinfo: Tim Southee gets another! \n\nAjinkya Rahane is caught by Ross Taylor at slip, India 113 for 4 \n\nhttps://t.co/5H3N5uFLXU #N\xe2\x80\xa6'"
zfazeel,2020-02-29 05:09:53,"b'RT @arjunsethi81: If you haven\xe2\x80\x99t been following the latest out of India, this video tells you everything you need to know. \n\nA pogrom again\xe2\x80\xa6'"
MdRahmo65047719,2020-02-29 05:09:52,b'Jaflong near the india open mind time it. https://t.co/zfobNdmAfI'
mrdogra007,2020-02-29 05:09:53,"b""RT @ZeeNews: NIA arrests Pakistan-based JeM terror group's operative involved in Pulwama terror attack https://t.co/VOsyr0xRuX"""
Vidit43158450,2020-02-29 05:09:53,"b""@harleydavidson Understand India first. We value money,We can't afford anything above 10000$ on bikes, instead we w\xe2\x80\xa6 https://t.co/56aUicJaFS"""
GhengisKhan88,2020-02-29 05:09:53,b'RT @jihadwatchRS: India: Leftist news outlet NDTV edits out images of mosque with stockpile of stones from video on riots https://t.co/pQUJ\xe2\x80\xa6'
BhavyaMankad,2020-02-29 05:09:53,"b'@omarali50 One of our former European masters believes that ""Objectively speaking"" Hindutva &amp; Dr. Ambedkar has no m\xe2\x80\xa6 https://t.co/PW1QjccSjL'"
rohitpaswan22,2020-02-29 05:09:53,"b'RT @amitmalviya: In April 2019, an ISIS suspect identified as Mohd Faiz, was arrested from Jafrabad in Delhi. Again in Jan 2020, the Specia\xe2\x80\xa6'"
sorrlly,2020-02-29 05:09:53,b'RT @CMShehbaz: Brutal represession of Muslims continues unabated in India. The killing of over three dozens Indian Muslims at the hands of\xe2\x80\xa6'
kushaldas,2020-02-29 05:09:54,b'RT @masudwalid: Bangladeshis are protesting against Indian government backed  Muslim Genocide in Delhi. We common Bangladeshis are always w\xe2\x80\xa6'
hemu_udr,2020-02-29 05:09:54,b'RT @bhartijainTOI: Pulwama attack breakthrough: NIA arrests Jaish man who drove suicide bomber in explosives-laden car to a spot 500 m shor\xe2\x80\xa6'
SRKzCharlie,2020-02-29 05:09:54,"b""RT @IndiaToday: AAP's Nehru Vihar Corporator Mohammad Tahir Hussain was inside his residence along with his family when the incident occurr\xe2\x80\xa6"""
ShivajiSSRG,2020-02-29 05:09:54,"b'RT @imMAK02: Hungry for 3 days, Ayub Ansari, a 60-year-old scrap-picker and resident of Shiv Vihar, went out to work on Friday morning;Hind\xe2\x80\xa6'"
Sainath90520867,2020-02-29 05:09:54,b'RT @UrstrulyHNE: #SarileruNeekevvaru and #50DaysOfBBSLN are Trending in India \xf0\x9f\x94\xa5\n\nKeep Tweeting Guys \xf0\x9f\x98\x8e\n\n7 PM nunchi Main Trend \xf0\x9f\x92\xa5\xf0\x9f\xa4\x99\n\n#MASSMB #\xe2\x80\xa6'
AC86125155,2020-02-29 05:09:54,b'RT @NagpurKaRajini: Hello @PuneCityPolice request him just show him what is ISIS .'
Mahithaspeaks,2020-02-29 05:09:54,"b'RT @ashoswai: Under Manmohan Singh, India was a major player in Afghanistan, under Modi, it has reduced to be an \xe2\x80\x98observer\xe2\x80\x99. But, Indian me\xe2\x80\xa6'"
New_India22,2020-02-29 05:09:54,"b""RT @TimesNow: 'If Rajiv Gandhi was alive, he would have been hanged', @BJP4India's @TajinderBagga on 1984 riots.\n\nhttps://t.co/JzbBVAX6go"""
SumitSa49362148,2020-02-29 05:09:54,"b'RT @dpradhanbjp: Hon. PM Shri @narendramodi ji has set a target to make India, a US$5 trillion economy by 2024.\n\nBoth the Indian energy and\xe2\x80\xa6'"
hari_krishna19,2020-02-29 05:09:54,b'One thing is certain in this series..\nIndia do not want to play 2nd new ball.\n#NZvsIND'
Monu9135Kumar,2020-02-29 05:09:54,b'RT @DVATW: Should India now move to ban the pernicious anti Hindu and anti Modi #BBChindi? RT if you agree.'
VinoMariyan,2020-02-29 05:09:54,"b'RT @cricketwallah: Even allowing for grassy pitch, very disappointing batting by India. Third best partnership in innings was paltry 26 run\xe2\x80\xa6'"
SaroshMakhdum,2020-02-29 05:09:54,"b'RT @ashoswai: In New India, a Muslim must surrender himself to die when a Hindutva mob comes attacking. If he resists and tries to survive,\xe2\x80\xa6'"
Neerajs41363969,2020-02-29 05:09:54,b'@affle @NeerajCNBC\n@AnilSinghvi_(India) acquires a mobile advertising technology company for Euro 5.12 million https://t.co/6x57jmPVea'
girlyratfish,2020-02-29 05:09:55,"b""RT @drskyskull: What's truly terrifying is that I didn't notice any difference. https://t.co/bIcBNQggrf"""
antonhas1,2020-02-29 05:09:55,b'RT @MaxBoot: .\xe2\x81\xa6@RanaAyyub\xe2\x81\xa9: \xe2\x80\x9cThis did not take place overnight. It was a result of a sustained campaign of hate against Muslims in the six\xe2\x80\xa6'
tghakim_,2020-02-29 05:09:55,"b'RT @holyqis8n: now tell me who is the real terrorist then.....fuck let people serve their god in peace, get the fuck off. i wish i could he\xe2\x80\xa6'"
Chandrapida1,2020-02-29 05:09:55,b'RT @lobonkha: A branch of my family shifted to India in the 64 Riots\n\nDo u know the reason for the 64 riots?\n\nA speck of (pubic?) hair of P\xe2\x80\xa6'
SUPRATI04307124,2020-02-29 05:09:55,"b""How to take General Caste's Spouse on BED? For General caste HOPE NO MORE IN INDIA, BE BOLD &amp; FACE IT -&gt;\nA common p\xe2\x80\xa6 https://t.co/5eSF3O9h37"""
hatefreebharat,2020-02-29 05:09:55,"b'RT @KhaledBeydoun: If Muslims were attacking Hindus in #India, instead of Hindutva terrorists slaughtering Muslims - the last several days\xe2\x80\x99\xe2\x80\xa6'"
BraveLion786,2020-02-29 05:09:55,b'RT @AskAnshul: Hindus are minority in 9 States/UTs:\n\n1. Lakshadweep\n2. Mizoram\n3. Nagaland\n4. Meghalaya\n5. Jammu &amp; Kashmir\n6. Arunachal Pra\xe2\x80\xa6'
vipulrpatel1980,2020-02-29 05:09:56,"b'RT @vivekagnihotri: Within 48 hrs after Trump left, all is well. What does it mean?\n\nRadical Islamists hate TRUMP &amp; MODI partnership becaus\xe2\x80\xa6'"
rajeevranjan85,2020-02-29 05:09:56,"b'RT @dpradhanbjp: Along with colleagues from @BJP4Odisha accompanied Hon. Home Minister Shri @AmitShah to Jagannath Temple, Puri and sought\xe2\x80\xa6'"
Sainath90520867,2020-02-29 05:09:56,b'RT @PanduGadu2_0: #50DaysOfBBSLN #MaSSMB &amp; #SarileruNeekevvaru Are Trending In India \xf0\x9f\x87\xae\xf0\x9f\x87\xb3\xf0\x9f\x98\x8e\xf0\x9f\x94\xa5\xf0\x9f\x94\xa5\n\nSuperstar Fans Mass Started \xf0\x9f\x98\x8d\xf0\x9f\x98\x8d https://t.co/tcX\xe2\x80\xa6'
areumdaunmi,2020-02-29 05:09:56,b'RT @darrxnn: what the fuck is wrong with the world'
InsideDetective,2020-02-29 05:09:56,b'RT @masudwalid: Bangladeshis are protesting against Indian government backed  Muslim Genocide in Delhi. We common Bangladeshis are always w\xe2\x80\xa6'
SumitSa49362148,2020-02-29 05:09:56,"b'RT @dpradhanbjp: Massive infrastructure projects and policy reforms in India like PM AWAS Yojana to provide housing to all, Har Ghar Jal Yo\xe2\x80\xa6'"
thefield_in,2020-02-29 05:09:57,b'#T20WorldCup #IndvsSL\n\nRadha Yadav finishes her spell with stellar figures of 4 for 23 \xe2\x80\x93 her best in T20Is \n\nSL: 84\xe2\x80\xa6 https://t.co/ZuauFDu02d'
JGiri13,2020-02-29 05:09:57,b'@TelanganaCMO @Babafasiuddin Great CM in india \xf0\x9f\x87\xae\xf0\x9f\x87\xb3\xf0\x9f\x87\xae\xf0\x9f\x87\xb3\xe2\x9c\x8a\xe2\x9c\x8a\xf0\x9f\x92\xaa\xf0\x9f\x92\xaa\xf0\x9f\xa4\x9d\xf0\x9f\xa4\x9d\xf0\x9f\x99\x8f\xf0\x9f\x99\x8fKCR'
DynamiteXI,2020-02-29 05:09:57,b'It could have been more. It could have been lot lesser than this. But 242 is good total if India bowl well. Just ne\xe2\x80\xa6 https://t.co/WWqEKzHIWx'
shubh_ind,2020-02-29 05:09:57,"b'Make the most of this and report every hate monger out there, even if he/she is your family member.\n\nYou can atleas\xe2\x80\xa6 https://t.co/n6z4Tzj8ku'"
Rampras75107605,2020-02-29 05:09:57,b'@wrestlingwdeeb @Murphs56 @realNoluLove1 @WWE @JohnCena Yeah but still is  a house hold name in countries like indi\xe2\x80\xa6 https://t.co/695Ivum4Z1'
vijayfans28,2020-02-29 05:09:57,"b'RT @BahrainVMI: We Are Proud To make Awareness On Corona Virus \xf0\x9f\x98\xb6 Total 38+ Cases Of Corona Here in Bahrain \xf0\x9f\x98\xa3\nFace Masks Has No Stock , We I\xe2\x80\xa6'"
Vinothkumaar03,2020-02-29 05:09:57,"b""RT @PoojaPrasanna4: One of these 'actors', Faizan, died today because of his injuries, you hateful demon.  #Delhi"""
Sujit_K_Pradhan,2020-02-29 05:09:57,b'RT @socioskp: Death increased up to 41 at Delhi violence.'
praveengarg3,2020-02-29 05:09:57,"b'RT @abhijitmajumder: This is TMC\xe2\x80\x99s Firhad \xe2\x80\x98Bobby\xe2\x80\x99 Hakim, mayor of Kolkata. Man who once proudly told a foreign journalist, \xe2\x80\x9cLook, how we ha\xe2\x80\xa6'"
Kaurgeographer,2020-02-29 05:09:57,"b'RT @ttindia: As rioters set their two-storey house ablaze, Mohammad Idris Saifi and 10 family members ran up the steps to huddle on the roo\xe2\x80\xa6'"
MitziFetch,2020-02-29 05:09:58,"b'RT @jewish_activist: Bene Israel\nA Jewish ethnic group whose ancestors settled in areas around Mumbai, India. https://t.co/5SEimwy4Ai'"
MaheshJ95622388,2020-02-29 05:09:58,b'RT @prabhatkumar76: @Aakar__Patel No Remorse For Instigating Muslims which resulted in Delhi Riots and Many Other Violent Episode across In\xe2\x80\xa6'
Muhammaad_Khan_,2020-02-29 05:09:58,"b'RT @ianbremmer: Former Pakistani Foreign Minister @HinaRKhar calls India a \'rogue state\': ""India is now becoming the bully for the entire r\xe2\x80\xa6'"
darycool,2020-02-29 05:09:58,"b""RT @Rezhasan: Senator, I can understand your desire to score points for a domestic constituency. But the thing is you aren't on the streets\xe2\x80\xa6"""
m_Abubakr11,2020-02-29 05:09:58,b'RT @SHABAZGIL: BBC World explaining painful situation in Delhi India   https://t.co/5zj1o0rNFX'
RakshithBJ2,2020-02-29 05:09:58,b'RT @WisdenCricket: Southee reaps the rewards of some lovely bowling. Draws Rahane forward with a tempting fullish delivery that then tails\xe2\x80\xa6'
sudeepreddy350,2020-02-29 05:09:59,b'RT @DesiCryptoHodlr: This Month\n\n\xf0\x9f\x94\xb9Tech Mahindra &amp; Telangana launch blockchain accelerator\n\n\xf0\x9f\x94\xb9WazirX completes Indias 1st IEO\n\n\xf0\x9f\x94\xb9Govt plans Bl\xe2\x80\xa6'
HirayYashwant,2020-02-29 05:09:59,"b'RT @majorgauravarya: The killings in Delhi are heartbreaking. But in a bid to be seen as strongman of the Islamic world, Erdogan talks only\xe2\x80\xa6'"
IndianBAdAss0,2020-02-29 05:09:59,"b'RT @ByRakeshSimha: In New Zealand schools, Muslim students are blasting India and telling teachers and White students that Hindus have unle\xe2\x80\xa6'"
raja_ammar,2020-02-29 05:09:59,"b'RT @VishalDadlani: #AAP started out as people criticising a government that was wrong.\n\nMost #AAP supporters are still those people, &amp; stil\xe2\x80\xa6'"
Sandhya77513809,2020-02-29 05:09:59,"b'RT @nilanjanaroy: ""Modi is yet to visit the families of those who bore the brunt of his political animus and shall continue to live in fear\xe2\x80\xa6'"
Avicenna911,2020-02-29 05:09:59,b'@mahwashajaz_ @fawadchaudhry @ImranKhanPTI I mean why do you need a comparison with india when it comes to rights o\xe2\x80\xa6 https://t.co/qh3uNFI8D2'
Uday_Kshirsagar,2020-02-29 05:09:59,b'@D_Tarczynski That\xe2\x80\x99s exactly how a true nationalist speaks! Love you country and keep it safe.\nJump over the fence\xe2\x80\xa6 https://t.co/Kth6GzcTyw'
PawanistArjun,2020-02-29 05:09:59,b'RT @Imdhirajkumaar: #SarileruNeekevvaru &amp; #50DaysOfBBSLN Are Now Trending In India \xf0\x9f\x87\xae\xf0\x9f\x87\xb3\xf0\x9f\x91\x8d\xf0\x9f\x94\xa5 https://t.co/MghZpFW17u'
Pksingh52713272,2020-02-29 05:09:59,b'RT @davidfrawleyved: Anti-CAA logic: Oppressed Hindu migrants from Pakistan who come in legally should receive no special help. Muslim migr\xe2\x80\xa6'
yaxhiii,2020-02-29 05:09:59,"b'Ye haarega pakka, save this tweet'"
Anil71065720,2020-02-29 05:10:00,"b""RT @iamrana: Delhi riots: 'Hero cop' who braved a mob to save lives - \n\n\xf0\x9f\x99\x8c\xf0\x9f\x99\x8c\xf0\x9f\x99\x8c\xf0\x9f\x99\x8c\xf0\x9f\x99\x8c\xf0\x9f\x99\x8c\xf0\x9f\x99\x8c\xf0\x9f\x99\x8c https://t.co/l30fDFxC0D"""
scroll_in,2020-02-29 05:10:00,"b""VP Menon: Was the man who charmed the princes really the architect of modern India? https://t.co/c9YgM8rwOu \n\n'Read\xe2\x80\xa6 https://t.co/IWwRkYN8Ok"""
jimeatonmd,2020-02-29 05:10:00,b'RT @asmauddinesq: Shooting and looting in India is the definition of a pogrom https://t.co/lOR6pPJtHL'
HospitalVishesh,2020-02-29 05:10:00,"b'An estimated 70 million patients in India suffer from a rare disease, an alarming statistic of 1 in every 20 Indian\xe2\x80\xa6 https://t.co/10oKm3FpMj'"
Ipshita_sen98,2020-02-29 05:09:59,"b""RT @DellTechIndia: It's time for panel discussion!\n@ripudsb, Director &amp; General Manager- Data Protection Solutions, India, Dell Technologie\xe2\x80\xa6"""
Sujit_K_Pradhan,2020-02-29 05:10:00,"b'RT @socioskp: \'Language-Odia\' will be in the ""Google-Search-Engine"".\n@socioskp @Sujit_K_Pradhan @BJP4Odisha @BJP4India @airnewsalerts @DDNe\xe2\x80\xa6'"
SOLANKIPKJAAT,2020-02-29 05:10:00,"b'RT @ipumrao: Bangladeshi student Afsara Meem studying at Visva Bharati University, who participated in Kolkata anti CAA protests &amp; seen wit\xe2\x80\xa6'"
FairuzFarhana3,2020-02-29 05:10:00,b'RT @gotthesin: and Muslims still the terrorists they said'
Abilash48254902,2020-02-29 05:10:00,b'@BCCI As of now any one can perform in India curmastances jut not VIRAT'
KandarpaAruna,2020-02-29 05:10:00,"b'RT @amitmalviya: In April 2019, an ISIS suspect identified as Mohd Faiz, was arrested from Jafrabad in Delhi. Again in Jan 2020, the Specia\xe2\x80\xa6'"
TheQuint,2020-02-29 05:09:57,b'Students from Gurucharan College in Assam\xe2\x80\x99s Silchar have registered an FIR against a guest professor for allegedly\xe2\x80\xa6 https://t.co/onaoTIDtgs'
bvinay55,2020-02-29 05:10:00,b'RT @davidfrawleyved: Anti-CAA logic: Oppressed Hindu migrants from Pakistan who come in legally should receive no special help. Muslim migr\xe2\x80\xa6'
arunrai81,2020-02-29 05:10:01,b'RT @jihadwatchRS: India: Leftist news outlet NDTV edits out images of mosque with stockpile of stones from video on riots https://t.co/pQUJ\xe2\x80\xa6'
supreeth28,2020-02-29 05:10:01,b'ROFL what a weirdo \xf0\x9f\x98\x82'
Satyend34286917,2020-02-29 05:10:01,"b'RT @DMsnuverma: #Who_Is_WorldLeader \nUnder the leadership of Sant Rampal Ji Maharaj, Hindustan (India) will be Established as the World Rel\xe2\x80\xa6'"
RaginiMohite,2020-02-29 05:10:01,"b""RT @RMBT_tweets: How come we are not talking about Twitter India's role in Delhi pogrom? Despite many of us reporting communal handles that\xe2\x80\xa6"""
MitziFetch,2020-02-29 05:10:01,"b'RT @jewish_activist: A Jewish ethnic group whose ancestors settled in areas around Cochin, India https://t.co/uzf12A2H7O'"
JAK22N,2020-02-29 05:10:01,"b'RT @amitmalviya: In April 2019, an ISIS suspect identified as Mohd Faiz, was arrested from Jafrabad in Delhi. Again in Jan 2020, the Specia\xe2\x80\xa6'"
iarakhan,2020-02-29 05:10:01,"b'RT @ashoswai: In New India, a Muslim must surrender himself to die when a Hindutva mob comes attacking. If he resists and tries to survive,\xe2\x80\xa6'"
Ladaku_Viman,2020-02-29 05:10:01,"b""RT @AndColorPockeT: He is from Pune, requesting Pune folks to send the notice, don't let them go free."""
Ishita72578852,2020-02-29 05:10:01,"b'@ImSebastianMoy Please come to New Delhi, India\nThis summer'"
SUPRATI04307124,2020-02-29 05:10:01,b'https://t.co/0eUJMutAyt ( Total miss using SC/ST Atrocities Act law in India )'
skindo1,2020-02-29 05:10:01,b'@shivam_in @OfficeOfSA @MarkRuffalo @BernieSanders He is against terrorism and that what the current India PM Modi represent.'
buatanmuu,2020-02-29 05:10:02,"b'RT @arjunsethi81: If you haven\xe2\x80\x99t been following the latest out of India, this video tells you everything you need to know. \n\nA pogrom again\xe2\x80\xa6'"
B_Prataap,2020-02-29 05:10:02,"b'RT @upword_: Instead of voicing his support for the minorities who are suffering in the theocratic States, @BernieSanders  is protecting th\xe2\x80\xa6'"
SACHINTAK55,2020-02-29 05:10:02,b'@Rssamul D for distribution level sales man \xf0\x9f\x9a\x80 singh sales of year Dill sales man epic gold change need new India new amul'
shahmeeeen,2020-02-29 05:10:02,b'RT @TheMcBang: INDIA IS KILLING INNOCENT MUSLIMS\n\nINDIA IS KILLING INNOCENT MUSLIMS\n\nINDIA IS KILLING INNOCENT MUSLIMS \n\nINDIA IS KILLING I\xe2\x80\xa6'
Arr4yy4N,2020-02-29 05:10:02,b'RT @Gemacan70Back: #SolidarityForIndiaMoslem \nEven HAM is DEAD in the WORLD \nWhenever Muslims are always victims of barbarity. \nThat is HIN\xe2\x80\xa6'
bhuvana31,2020-02-29 05:10:02,b'@goanborn12 @sidharth_shukla You consider your family alone as 3/4th of India what a comedy'
Khsitij3,2020-02-29 05:10:02,b'RT @jihadwatchRS: India: Leftist news outlet NDTV edits out images of mosque with stockpile of stones from video on riots https://t.co/pQUJ\xe2\x80\xa6'
reyaz_nadeem,2020-02-29 05:10:02,b'RT @imMAK02: A mosque was attacked in Dwarka on Friday early Morning.\n\nAccording to residents attackers pelted stones and shouted Jai Sri R\xe2\x80\xa6'
sabirmomin86,2020-02-29 05:10:02,b'RT @TheDeshBhakt: I keep repeating this - satire is a very difficult thing to do in India. You will get beaten every time by the headlines.\xe2\x80\xa6'
SumitSa49362148,2020-02-29 05:10:02,"b'RT @dpradhanbjp: There is no dearth of raw materials in India. We are also exploring alternative, cleaner energy sources. \n\nToday, it is on\xe2\x80\xa6'"
KhanNizamb,2020-02-29 05:10:02,b'RT @DilliDurAst: \xe2\x80\x9cFive of the eight seats the BJP won in the 70-member Assembly fall in northeast Delhi where rioting took place\xe2\x80\x9d https://t\xe2\x80\xa6'
gifincric,2020-02-29 05:10:02,b'India Women 0-0(0) vs Sri Lanka Women 7-84(16.0)\nLive: Sri Lanka Women won the toss and elected to bat.\n\xe2\xac\x87\xef\xb8\x8f\xe2\xac\x87\xef\xb8\x8f\xe2\xac\x87\xef\xb8\x8f\xe2\x80\xa6 https://t.co/H8XYqGJAQ5'
rynyhya,2020-02-29 05:10:02,b'RT @uzz_syazz: Pray for Muslim .  Pray for India \xf0\x9f\x87\xae\xf0\x9f\x87\xb3 . Pray for Malaysia \xf0\x9f\x87\xb2\xf0\x9f\x87\xbe'
SameerKhan_1993,2020-02-29 05:10:03,"b'RT @ThePeopleOfIN: Amidst multiple reports and eye witness accounts of the inaction of @DelhiPolice , it is indeed heartwarming to see that\xe2\x80\xa6'"
Karanjit_6838,2020-02-29 05:10:03,"b'RT @VishalDadlani: #AAP started out as people criticising a government that was wrong.\n\nMost #AAP supporters are still those people, &amp; stil\xe2\x80\xa6'"
FightersIntel,2020-02-29 05:10:03,b'RT @AmyMek: Trump refuses to condemn India\xe2\x80\x99s law (CAA) that fast tracks citizenship to victims of Muslim persecution in three Islamic Natio\xe2\x80\xa6'
VINAYSOGANE,2020-02-29 05:10:03,"b'RT @prasannavishy: How India has largely remained immune to coronavirus,  \n\nMonitoring and restricting the mobility of passengers travellin\xe2\x80\xa6'"
ManavSood15,2020-02-29 05:10:03,"b'RT @ashoswai: In New India, a Muslim must surrender himself to die when a Hindutva mob comes attacking. If he resists and tries to survive,\xe2\x80\xa6'"
cynical21,2020-02-29 05:10:03,"b""RT @PoisonOfChoice: Bigot AND racist. Naiiice! \xf0\x9f\x98\x82\n\nNot the first time she has disparaged India and it's culture either. Classic case of when\xe2\x80\xa6"""
deepanreddyeee,2020-02-29 05:10:03,b'RT @Tentkotta: The Times of India on #Darbar: An engaging commercial cocktail of action and drama.\n\nWatch Now: #Darbar\n\n#GoLegal #SayNoToPi\xe2\x80\xa6'
sivumessi,2020-02-29 05:10:03,"b'Experts, how many wickets does india need today to stay in the match#staraikelungal'"
TKSSFc,2020-02-29 05:10:04,"b""RT @indiabestdancer: The trick to win\xc2\xa0#DrT's approval lies in using the right techniques. Watch India\xe2\x80\x99s best moves in\xc2\xa0#IndiasBestDancer\xc2\xa0fro\xe2\x80\xa6"""
KapilSharmaFC9,2020-02-29 05:10:04,"b""RT @indiabestdancer: The trick to win\xc2\xa0#DrT's approval lies in using the right techniques. Watch India\xe2\x80\x99s best moves in\xc2\xa0#IndiasBestDancer\xc2\xa0fro\xe2\x80\xa6"""
Kuldeep28710656,2020-02-29 05:10:04,b'@Kamallochanm @KapilMishra_IND Government of India\nFir against All These Bollywood'
MiteshSonigra,2020-02-29 05:10:04,b'RT @anita_chauhan80: 1st Image: \xf0\x9d\x97\xa0\xf0\x9d\x97\xbf\xf0\x9d\x98\x80 \xf0\x9d\x97\x9e\xf0\x9d\x97\xae\xf0\x9d\x97\xbb\xf0\x9d\x97\xb6\xf0\x9d\x97\xb8\xf0\x9d\x97\xae \xf0\x9d\x97\xa5\xf0\x9d\x97\xae\xf0\x9d\x97\xbb\xf0\x9d\x97\xb2 receiving Sena Medal on behalf of her husband Major Kaustubh Rane in 2019.\n\n2nd Image: \xf0\x9d\x97\x9f\xf0\x9d\x97\xae\xf0\x9d\x97\xb1\xf0\x9d\x98\x86\xe2\x80\xa6'
15062002np,2020-02-29 05:10:04,b'#asksportstak @vikrantgupta73 @RavatRahul9 Sir i do agree Ondia did not bat well after getting great starts but i w\xe2\x80\xa6 https://t.co/tWxfdwBoge'
Zahira38458194,2020-02-29 05:10:04,b'RT @kamaalrkhan: 12 Hindu billionaires live in the UAE instead of India because they don\xe2\x80\x99t feel safe in India. But they feel more safe in a\xe2\x80\xa6'
ranjit0852,2020-02-29 05:10:04,b'RT @DVATW: Should India now move to ban the pernicious anti Hindu and anti Modi #BBChindi? RT if you agree.'
mny_sharma,2020-02-29 05:10:04,b'@DevenNimkar @rohini_sgh Separatist are those who dividing India in Hindu-Muslim.\nAnd you already know who are they'
Kamodkkumar1,2020-02-29 05:10:04,b'RT @RakeshSinha01: Diversity is the core of idea of India. @BJP4Meghalaya @SangmaConrad https://t.co/fkecAXIjE8'
S_4_G_,2020-02-29 05:10:04,b'RT @RanaAyyub: I write this piece knowing that there will be no closure for me and thousands of riot survivors in India because we are bein\xe2\x80\xa6'
GXYFVCK,2020-02-29 05:10:04,"b""RT @Tinyhoseokk: I'm sorry to bring this on Stan twt. But thr is this whole pogrom/ethnic cleansing going on in India right now..Mosques ar\xe2\x80\xa6"""
John99131809,2020-02-29 05:10:04,"b'@CMOGuj Sir, when will the Police Reforms as mandated by the Supremen Court be implemented in Gujarat? https://t.co/XbyF2sve0Q cc @PMOIndia'"
salim_shafi,2020-02-29 05:10:04,"b'RT @ashoswai: In New India, a Muslim must surrender himself to die when a Hindutva mob comes attacking. If he resists and tries to survive,\xe2\x80\xa6'"
PawanNdpc,2020-02-29 05:10:04,"b'RT @sudhir214: The ""EVILUTION"" of Radical islamic terrorism in India. \nBitter truth of secular India.\xf0\x9f\x98\x94\xf0\x9f\x98\x94\n#AntiHinduDelhiRiots2020 https://t.\xe2\x80\xa6'"
poandpo,2020-02-29 05:10:05,b'India economic growth slowest in over 6 years https://t.co/cNzQx6l7Ba #Economy https://t.co/eQQT8822Zi #275'
Del_Alpha,2020-02-29 05:10:05,b'RT @TahirGora: Turkey has blocked Internet and social media access after a deadly attack on Turkish soldiers. Would Turkey now understand I\xe2\x80\xa6'
drpardeepkapoor,2020-02-29 05:10:05,b'RT @DDNewslive: Who is answerable for  #kashmiripandits forced mass exdous? Has there been a closure for #kashmiripandits forced genocide ?\xe2\x80\xa6'
mansurmishal,2020-02-29 05:10:05,"b""RT @ESPNcricinfo: No. he won't! \n\nTom Latham with a stunning one-handed grab at second slip\n\nIndia 80 for 2 \n\nhttps://t.co/5H3N5uFLXU #NZvI\xe2\x80\xa6"""
ravigupta00,2020-02-29 05:10:05,"b'RT @Imamofpeace: Probably as a result of jealousy over Trump\xe2\x80\x99s visit to India, we have witnessed a vicious global attack on India, Hinduism\xe2\x80\xa6'"
shubhamnagar,2020-02-29 05:10:05,b'RT @SankarshanT: This is who you are @ArvindKejriwal and @AamAadmiParty \nThis is how you equally let down the people who handed you a renew\xe2\x80\xa6'
DiptiChavan11,2020-02-29 05:10:05,b'RT @ShivsenaComms: IBLA Awards LIVE: 15th CNBC-TV18 India Business Leader Awards https://t.co/5BeI4WsanX'
nzyrw,2020-02-29 05:10:06,b'RT @HotP3pp3rminTea: Look at this poor citizenship law damaged #SolidarityForIndiaMoslem #SolidarityForIndiaMoslem'
hegde_talks,2020-02-29 05:10:06,b'RT @jihadwatchRS: India: Leftist news outlet NDTV edits out images of mosque with stockpile of stones from video on riots https://t.co/pQUJ\xe2\x80\xa6'
RizwanH40818952,2020-02-29 05:10:06,b'RT @BCCI: Innings Break!\n\nIndia all out for 242.\n\nFollow the game - https://t.co/VTLQt4iEFz #NZvIND https://t.co/agR0cLMcpZ'
ImaazadS,2020-02-29 05:10:06,b'RT @t_d_h_nair: The BJP had won the 8 /70 Assembly seats in Delhi and 5 is in North East Delhi. The worst riot affected areas are all locat\xe2\x80\xa6'
ishanc,2020-02-29 05:10:06,"b'RT @NioZenji: India just went through a tough period. But never forget, this is the same nation that once influenced other great civilizati\xe2\x80\xa6'"
SumitSa49362148,2020-02-29 05:10:06,b'RT @dpradhanbjp: I am willing to give a double red carpet welcome to all entities willing to setup their industries in India and enable new\xe2\x80\xa6'
fairfriendz,2020-02-29 05:10:07,"b""RT @SoStarMusic: Delhi's Muslims pray under armed guard after week of riots\n\nRegular Friday prayers take place amid heightened sectarian te\xe2\x80\xa6"""
PRASHANT_P_BLR,2020-02-29 05:10:07,"b'RT @vivekagnihotri: Within 48 hrs after Trump left, all is well. What does it mean?\n\nRadical Islamists hate TRUMP &amp; MODI partnership becaus\xe2\x80\xa6'"
mipaltan,2020-02-29 05:10:07,b'India have gone from 194/4 to 242 all out at Christchurch! \n\n#OneFamily #CricketMeriJaan #NZvIND'
DennisMohan4,2020-02-29 05:10:07,b'RT @MarkHertling: There was a aenior commander in a unit I was a part of during Desert Storm who also didn\xe2\x80\x99t sleep. Called folks in the mid\xe2\x80\xa6'
EGGSHOTT,2020-02-29 05:10:07,b'RT @EXOsAFTERGLOW: Okay @SMTOWNGLOBAL so when is #EXO coming to India? \n\n@weareoneEXO'
wabisabi29,2020-02-29 05:10:07,"b'RT @AshaRangappa_: Is this supposed to be a positive? Lack of sleep contributes to poor brain functioning, lower immunity, and overall poor\xe2\x80\xa6'"
ans_ika,2020-02-29 05:10:07,"b""RT @YasirQadhi: La ilaha illa Allah. How can one's heart not break? A child crying, pleading to her mother in fear, as her father and famil\xe2\x80\xa6"""
VPSecretariat,2020-02-29 05:10:07,"b'The Vice President of India Shri M Venkaiah Naidu with the Chairmen of various Port Trusts in Mamallapuram, Tamil N\xe2\x80\xa6 https://t.co/JeefjT0CF0'"
akdelta108,2020-02-29 05:10:08,"b'RT @RMCpost: This single corrupt Gandhi family is the root of many evils in  India.. Besides.. in every incident of violence.. their ""Hand""\xe2\x80\xa6'"
BJP4Odisha,2020-02-29 05:10:08,"b'RT @dpradhanbjp: Along with colleagues from @BJP4Odisha accompanied Hon. Home Minister Shri @AmitShah to Jagannath Temple, Puri and sought\xe2\x80\xa6'"
_anti_national,2020-02-29 05:10:08,"b'""It could, regrettably, begin the beginning of a very long, dark phase for India"". #DelhiRiot2020\n\n@ShekharGupta in\xe2\x80\xa6 https://t.co/OYH5Jtna8K'"
MukeshKsinghLaw,2020-02-29 05:10:08,b'Can you shut up &amp; answer @msisodia for attacking @DelhiPolice that Police themselves set fire to buses.\n\nYou assist\xe2\x80\xa6 https://t.co/pMdB1IBAAG'
YearOfMonk,2020-02-29 05:10:08,"b""Doesnt this 'Sab yaad rakha jayega' &amp; 'Hum dekhenge' sound like a open warning to Hindus, that once Moslems reach 4\xe2\x80\xa6 https://t.co/WK3yxYxUo3"""
omaryusuf23,2020-02-29 05:10:08,"b'RT @business: Modi\xe2\x80\x99s new detention camps are the front lines of India\xe2\x80\x99s citizenship battle, and millions could end up in them https://t.co/\xe2\x80\xa6'"
TommyOconnor__,2020-02-29 05:10:08,"b'RT @holyqis8n: now tell me who is the real terrorist then.....fuck let people serve their god in peace, get the fuck off. i wish i could he\xe2\x80\xa6'"
ranainam,2020-02-29 05:10:08,"b'RT @ashoswai: In New India, a Muslim must surrender himself to die when a Hindutva mob comes attacking. If he resists and tries to survive,\xe2\x80\xa6'"
nirbhaavuka,2020-02-29 05:10:08,b'RT @bhatinmaai: Hindus should know they are in a long term civilizational war. Every H should commit to do his bit &amp; fight on till the goal\xe2\x80\xa6'
fAriqJohari,2020-02-29 05:10:09,b'RT @KhaledBeydoun: During the Muslim slaughter in #Delhi:\n\n\xe2\x9c\x94\xef\xb8\x8fChristian leaders opened up their Churches to injured &amp; afraid Muslims\n\n\xe2\x9c\x94\xef\xb8\x8fSikh\xe2\x80\xa6'
safiyyah240,2020-02-29 05:10:09,"b""RT @ajplus: Muslims in New Delhi prayed in the remains of mosques burned down during clashes over India's citizenship law.\n\nThe violence ki\xe2\x80\xa6"""
RizwanH40818952,2020-02-29 05:10:09,"b""RT @lionsdenkxip: BOULT 'EM! \xf0\x9f\x98\x95\n\nTrent Boult finishes things off as India end up with 242 in their first innings. \n\n#SaddaPunjab #NZvIND"""
wijayaaswan,2020-02-29 05:10:09,"b'RT @ustadtengkuzul: I have visited India for many times, since 1996. I see Hindhu dan Moslems lives side by side peacefully for many years\xe2\x80\xa6'"
nady_9876,2020-02-29 05:10:09,b'RT @MaxBoot: .\xe2\x81\xa6@RanaAyyub\xe2\x81\xa9: \xe2\x80\x9cThis did not take place overnight. It was a result of a sustained campaign of hate against Muslims in the six\xe2\x80\xa6'
Dhanraj71645940,2020-02-29 05:10:09,"b""RT @isro: Geo Imaging Satellite-1 (GISAT-1) will be India's first agile Earth observation satellite operating from Geostationary orbit. Lau\xe2\x80\xa6"""
mksharma4269,2020-02-29 05:10:10,"b""RT @TimesNow: 'If Rajiv Gandhi was alive, he would have been hanged', @BJP4India's @TajinderBagga on 1984 riots.\n\nhttps://t.co/JzbBVAX6go"""
Sk3Shakib,2020-02-29 05:10:10,"b""RT @IndiaToday: DSSW students' union demanded the arrest of BJP leader Kapil Mishra. \nhttps://t.co/0MFADBYNDw"""
kajaz91628,2020-02-29 05:10:10,"b'RT @sanya_mansoor: As hundreds of Muslim families leave New Delhi fearing another attack, @RanaAyyub writes, ""the cost of Narendra Modi giv\xe2\x80\xa6'"
RRSanthoshraj,2020-02-29 05:10:10,b'RT @cricbuzz: The 2020 edition of the Asia Cup is set to be a T20 tournament https://t.co/OAPMU4ay5T'
Usman62073968,2020-02-29 05:10:10,b'RT @hasandogan: \xe2\x80\x9cWhere there is love there is life\xe2\x80\x9d This quote of Mahatma Gandhi and the point India ended up today... what a shame! #StopV\xe2\x80\xa6'
ratneshsir,2020-02-29 05:10:10,"b'RT @PrabhakarJakkan: Is India safe for Mens ? Answer is big NO ! Thanks to Indian judiciary , biased laws, &amp; politicians! Stop #FakeCases o\xe2\x80\xa6'"
M0N57A,2020-02-29 05:10:10,"b'RT @HarrietSergeant: China plans to build a shocking 1171 new coal plants, India, 446 and even the EU, 27. We are saving the planet on just\xe2\x80\xa6'"
ArjunAr01426905,2020-02-29 05:10:10,b'RT @PanduGadu2_0: #50DaysOfBBSLN #MaSSMB &amp; #SarileruNeekevvaru Are Trending In India \xf0\x9f\x87\xae\xf0\x9f\x87\xb3\xf0\x9f\x98\x8e\xf0\x9f\x94\xa5\xf0\x9f\x94\xa5\n\nSuperstar Fans Mass Started \xf0\x9f\x98\x8d\xf0\x9f\x98\x8d https://t.co/tcX\xe2\x80\xa6'
SumitSa49362148,2020-02-29 05:10:10,b'RT @narendramodi: Welcome to India @realDonaldTrump https://t.co/EOweSVwnXG'
MohammedNYShah1,2020-02-29 05:10:10,"b'RT @ashoswai: In New India, a Muslim must surrender himself to die when a Hindutva mob comes attacking. If he resists and tries to survive,\xe2\x80\xa6'"
Zafirah_ZigZag,2020-02-29 05:10:10,b'RT @ayyubidempire: bruh are u kidding me these are goddamn Nazis'
Biswajeetbasant,2020-02-29 05:10:10,b'Salute u behen.....india proud for u. Jai hind'
CricketNDTVLive,2020-02-29 05:10:10,"b'Play In Progress:  Day 1,New Zealand  (0.0 Ov) Tom Latham 0 (0),  Tom Blundell  0 (0). trail by 242 runs #NZvIND https://t.co/kvVvOinbXb'"
Tamilma92908719,2020-02-29 05:10:10,"b""RT @its_MKP: Don'u Don'u Officially Hits 100 Million Views !!!\n\nThe Only Actor in South India who have 27 10M+ Viewed Video on YouTube &amp;..\xe2\x80\xa6"""
krish_vijayan,2020-02-29 05:10:10,"b""RT @AndColorPockeT: He is from Pune, requesting Pune folks to send the notice, don't let them go free."""
subhasish1986B,2020-02-29 05:10:11,"b""@BCCI Lots of people don't agree with me because they are those peoples who are involve with him indirectly to make\xe2\x80\xa6 https://t.co/uEx4riNueE"""
Obaidu07,2020-02-29 05:10:11,b'RT @EdwardGLuce: \xe2\x80\x9cIndia is being led by a man whose political career is marked by the blood of innocents\xe2\x80\x9d. The fearless @RanaAyyub on the s\xe2\x80\xa6'
AruniKashyap,2020-02-29 05:10:11,b'RT @EdwardGLuce: \xe2\x80\x9cIndia is being led by a man whose political career is marked by the blood of innocents\xe2\x80\x9d. The fearless @RanaAyyub on the s\xe2\x80\xa6'
tweets_fa,2020-02-29 05:10:11,b'RT @svaradarajan: Where the Linear Progression of Hindutva Will Take India https://t.co/vkge9Vmkhw via @thewire_in'
cndrlla_,2020-02-29 05:10:11,b'RT @AkbarTeguhF: Fuck india'
Org12climber,2020-02-29 05:10:11,b'That explains everything! No sleep. What were you two doing all night long together????\xf0\x9f\x98\xb7\xf0\x9f\x99\x88\xf0\x9f\x99\x89\xf0\x9f\x99\x8a'
Abilash48254902,2020-02-29 05:10:11,b'RT @BCCI: Innings Break!\n\nIndia all out for 242.\n\nFollow the game - https://t.co/VTLQt4iEFz #NZvIND https://t.co/agR0cLMcpZ'
PranavIAS,2020-02-29 05:10:12,b'@mufaddal_vohra His  no aggressive nature is cost india as loss'
ThapliyalPrachi,2020-02-29 05:10:12,b'RT @governorswaraj: He was Governor of Reserve Bank of India that is supposed to monitor all the banks. How come he left all the public sec\xe2\x80\xa6'
Rajendr76194898,2020-02-29 05:10:12,"b'RT @VijayaRahatkar: And Credit goes to Abrogation of \nArt 370...\nIndian Penal Code, Criminal Law, Census Act, Prevention of Corruption Act,\xe2\x80\xa6'"
AngelHinakhan56,2020-02-29 05:10:12,b'RT @indiacom: @eyehinakhan Will Amp-up Your Mood With Latest Viral Pictures\n\nhttps://t.co/jWmV38YMcR'
Rahul_K_Parmar,2020-02-29 05:10:12,"b""RT @FinancialXpress: India's GDP growth hit nearly 7-year low of 4.7 per cent in the December quarter, as per official data released on Fri\xe2\x80\xa6"""
Rebecca46347748,2020-02-29 05:10:12,"b'RT @atrupar: ""He had not slept for a day and a half ... the man never sleeps"" -- here\'s Mulvaney claiming Trump didn\'t sleep at all on his\xe2\x80\xa6'"
kahlonjaskaran,2020-02-29 05:10:13,"b'RT @JaiveerShergill: As India\xe2\x80\x99s envoy is enroute Kabul,BJP Govt must clarify:\n1.Terms of enagagement with Taliban\n2. Is India recognizing T\xe2\x80\xa6'"
NoshadShabir,2020-02-29 05:10:13,"b'RT @ashoswai: In New India, a Muslim must surrender himself to die when a Hindutva mob comes attacking. If he resists and tries to survive,\xe2\x80\xa6'"
YunusKalwatar,2020-02-29 05:10:13,"b'RT @ArunSFan: Hello India, millions of Hindu brothers &amp; Sisters living peacefully and are very successful in Muslim majority Countries like\xe2\x80\xa6'"
Hebahersi,2020-02-29 05:10:13,"b'RT @lksriv: This is incredibly difficult to watch, but the world should not look away. \nThis is the setting for a mass atrocity. This is ho\xe2\x80\xa6'"
kanna_ram,2020-02-29 05:10:13,"b'What stupid Logic , he got all his credentials , by proving he is indian . \nTook oath of office as CM &amp; PM.\nBTW wha\xe2\x80\xa6 https://t.co/DkSMpflVKA'"
sanjeevtyagi100,2020-02-29 05:10:13,"b'RT @amitmalviya: In April 2019, an ISIS suspect identified as Mohd Faiz, was arrested from Jafrabad in Delhi. Again in Jan 2020, the Specia\xe2\x80\xa6'"
rknmohanty,2020-02-29 05:10:13,"b'RT @DrAmbardar: As a psychiatrist &amp; psychotherapist, I want to humbly remind my Hindu sisters &amp; brothers in India that too much kindness &amp;\xe2\x80\xa6'"
Manjarihooda,2020-02-29 05:10:13,"b'RT @rupasubramanya: ""Hussain claims Delhi police personnel were present at his house till 4 pm on Feb 25,the day Ankit is believed to have\xe2\x80\xa6'"
prashantricoche,2020-02-29 05:10:13,b'@elmihiro But India media has no credibility why so ever nationally or internationally. Thats why indian media look\xe2\x80\xa6 https://t.co/K2NtxDz7NC'
therussophile,2020-02-29 05:10:14,"b'India Stripping Illegals\xe2\x80\x99 Children of Citizenship\xe2\x80\x94Hope Trump Notices!, by James Kirkpatrick -\xe2\x80\xa6 https://t.co/GBdC3ffSYX'"
sbs_23031931,2020-02-29 05:10:14,b'@imfarukmalik @shivamkm94 @ArfaMalik22 @ShivMishra123 Thn live happily in ur own country who is knwn fr manifestati\xe2\x80\xa6 https://t.co/TLba2EU0Xa'
Jabaar10,2020-02-29 05:10:14,b'RT @IndianExpress: Delhi violence: US urges India to \xe2\x80\x98protect and respect\xe2\x80\x99 right to peaceful assembly\n\nhttps://t.co/jBQ6FwIGuZ'
B1VAIBHAV,2020-02-29 05:10:14,b'RT @RT_com: Police complaint in #India targets Wall Street Journal for stoking \xe2\x80\x98communal tension\xe2\x80\x99 &amp; \xe2\x80\x98defaming\xe2\x80\x99 Hindus amid fatal #Delhi rio\xe2\x80\xa6'
Sandeep03630867,2020-02-29 05:10:14,b'@BBCHindi \xf0\x9f\x91\x87This is wht they r doing wth Non-muslims nd Hindus in the name of #Islam fr spreading ISIS #islam!c cali\xe2\x80\xa6 https://t.co/mDPkLavquZ'
syazzzriena,2020-02-29 05:10:14,b'RT @daniaghauri: Honestly don\xe2\x80\x99t understand how humans are capable of such behavior \xf0\x9f\x98\x94 May Allah help all those suffering in the world.. Kash\xe2\x80\xa6'
DebGaur86,2020-02-29 05:10:14,"b'RT @MirchandaniYana: Absolutely CORRECT! \nMuslims of India, get this loud and CLEAR!\nThe Centre has no problem with YOU\nThe Centre has a pr\xe2\x80\xa6'"
coastaldigest,2020-02-29 05:10:14,b'PM Narendra Modi does not know pain of losing children: Dadi of Shaheenbagh\nhttps://t.co/oV5u40hdYq'
mukulnda,2020-02-29 05:10:14,b'RT @VikasSaraswat: This arrest @KapilMishra_IND chorus is so outlandish and provocative that those making the call should be arrested. They\xe2\x80\xa6'
AskGabbarSingh,2020-02-29 05:10:14,"b'RT @AAOLion: So secular industries of India,\nnow becomes Dracullar Insanity\nWhich include Congtards, Leftist Mullah,Designer Media Maniac M\xe2\x80\xa6'"
USAndIndia,2020-02-29 05:10:14,"b'RT @USAmbIndia: \xe2\x80\x9cIndia now faces some of the same challenges we faced in the past. But if India learns from our experiences, it might be ab\xe2\x80\xa6'"
XLNCPost,2020-02-29 05:10:15,"b'RT @SoStarMusic: Delhi riots: Muslim women recall horror of Molotov cocktails and arson\n\n""From our window, we could see another Muslim neig\xe2\x80\xa6'"
taldaknsom,2020-02-29 05:10:15,b'RT @jihadwatchRS: India: Leftist news outlet NDTV edits out images of mosque with stockpile of stones from video on riots https://t.co/pQUJ\xe2\x80\xa6'
aryamanbhardwa,2020-02-29 05:10:15,"b'RT @ByRakeshSimha: In New Zealand schools, Muslim students are blasting India and telling teachers and White students that Hindus have unle\xe2\x80\xa6'"
75satellites,2020-02-29 05:10:15,"b'India space community needs support from policy makers to ensure adequate access to spectrum, orbital debris mitiga\xe2\x80\xa6 https://t.co/OxrDbkZbyK'"
PremKum73382357,2020-02-29 05:10:16,b'#staraikellungal\nBumrah wicket less a pogum bothu india more struggle...\nUnga karuthu experts'
InsaPooja,2020-02-29 05:10:16,"b'RT @sudeshinsan10: #CelebrationsWithWelfare\nToday on the pious occasion of Maha Rehmokaram Day, thousands of followers from various states\xe2\x80\xa6'"
Anonymo27121498,2020-02-29 05:10:16,"b'RT @ashoswai: In New India, a Muslim must surrender himself to die when a Hindutva mob comes attacking. If he resists and tries to survive,\xe2\x80\xa6'"
nicepk4u,2020-02-29 05:10:17,b'He is motherfucker of Aisha'
sumanebot,2020-02-29 05:10:17,b'RT @NalimR: \xf0\x9f\x91\xbd#Forecast SoFarSo\xf0\x9f\x98\x9c#Cricket\xf0\x9f\x8f\x8fT-2/2 #NZvsIND #datatalk #AI #ML #BigData #DataViz #VR #rstats #BI #CeylonTea\xe2\x98\x95#lka #IoT #fintech #C\xe2\x80\xa6'
Graphologist_,2020-02-29 05:10:17,"b'RT @sdeo76: Home Minister Amit Shah had decided to remove Shaheen Bagh protesters the day it was launched, but for outgoing Delhi Police Co\xe2\x80\xa6'"
WolfMyers3,2020-02-29 05:10:17,"b""RT @eRepublicUSA: Good! ..... he can stay awake 24/365 to show us what kind of a man he is....\n\nwe need a real man's man to lead this natio\xe2\x80\xa6"""
SumitSa49362148,2020-02-29 05:10:17,b'RT @PMOIndia: India-US relations are no longer just another partnership.\n\nIt is a far greater and closer relationship: PM @narendramodi \n\n#\xe2\x80\xa6'
Kush1910,2020-02-29 05:10:18,"b""Lesson for Hindus from These\nriots that We're under threat. the language of jihad against Hindua and breaking India\xe2\x80\xa6 https://t.co/1wBp3nCb0k"""
sasidhar205,2020-02-29 05:10:18,"b'RT @THM_Off: Proud of you, guys.. Keep doing good work.. #Master #Coronavirus'"
Vinod_Nithik,2020-02-29 05:10:18,"b'RT @BahrainVMI: We Are Proud To make Awareness On Corona Virus \xf0\x9f\x98\xb6 Total 38+ Cases Of Corona Here in Bahrain \xf0\x9f\x98\xa3\nFace Masks Has No Stock , We I\xe2\x80\xa6'"
rrw2525,2020-02-29 05:10:18,b'RT @Jimin55134548: Jiminie trending in India \xe2\x9d\xa4\xef\xb8\x8f\n\n#JIMIN #BTS @BTS_twt https://t.co/dmDCIfhZEE'
JinsAdvocate,2020-02-29 05:10:18,b'RT @jinnieslamp: [#JinTrend] 200229 The hashtag #WorldwideMoon is trending at No. 30 Worldwide \xf0\x9f\x8c\x8f and in the following countries: \n\n#4 Malay\xe2\x80\xa6'
Sumeetjain11,2020-02-29 05:10:18,"b""RT @srikanthbjp_: Illegal migrants burning down France ...\n\nThis is why NRC is must for India ..before it's too late. ..\n https://t.co/76v7\xe2\x80\xa6"""
biswajitmohanty,2020-02-29 05:10:18,b'RT @pbhushan1: Read this story of this cop who went beyond the call of duty to save lives by putting his own at risk. An officer true to hi\xe2\x80\xa6'
sgowsmith1988,2020-02-29 05:10:18,b'India was 194-4 and folded for 240. Really poor effort from the supposed number 1 test team. They still have a long\xe2\x80\xa6 https://t.co/FvGVvYfE52'
T_V_M_offl,2020-02-29 05:10:18,"b'RT @THM_Off: Proud of you, guys.. Keep doing good work.. #Master #Coronavirus'"
Sourav95597615,2020-02-29 05:10:19,"b'RT @sdeo76: Home Minister Amit Shah had decided to remove Shaheen Bagh protesters the day it was launched, but for outgoing Delhi Police Co\xe2\x80\xa6'"
antonhas1,2020-02-29 05:10:19,b'RT @AmirMateen2: Reversal: As mosques are being attacked in India we in Pakistan are happy to restore closed temples. This makes me a proud\xe2\x80\xa6'
GurdeepKaur1956,2020-02-29 05:10:19,"b'RT @RaghuRaj7741200: #GodMorningSaturday\nWho kill animal will be punished by the God rule. ""Saint Rampal Ji Maharaj"" explaining the actual\xe2\x80\xa6'"
LaurieAnnBaker,2020-02-29 05:10:19,"b'RT @WhiteHouse: THANK YOU, India! \xf0\x9f\x87\xba\xf0\x9f\x87\xb8\xf0\x9f\x87\xae\xf0\x9f\x87\xb3 https://t.co/IkGtp0zpyj'"
stkolbe16670,2020-02-29 05:10:19,b'RT @FLOTUS: It was great meeting the U.S. Embassy staff @USAndIndia and their families in #India. @POTUS and I are thankful for your commit\xe2\x80\xa6'
Suman_of_Bangla,2020-02-29 05:10:19,"b'RT @NioZenji: India just went through a tough period. But never forget, this is the same nation that once influenced other great civilizati\xe2\x80\xa6'"
jeetenderpathak,2020-02-29 05:10:19,b'RT @t_d_h_nair: The BJP had won the 8 /70 Assembly seats in Delhi and 5 is in North East Delhi. The worst riot affected areas are all locat\xe2\x80\xa6'
Sharanyashettyy,2020-02-29 05:10:19,"b""India's dismal performance continues in NZ. Captain Kohli disappoints! #IndvNZ"""
CRGawali,2020-02-29 05:10:19,"b'RT @advmonikaarora: Congrats! Delhi high court takes notice of hate speeches of Sonia Gandhi, Rahul Gandhi, Priyanka Gandhi, Waris Pathan a\xe2\x80\xa6'"
BhatViny,2020-02-29 05:10:19,b'RT @TarekFatah: You lie \xe2\x81\xa6@PriyamvadaGopal\xe2\x81\xa9 when you deliberately avoid mentioning the calls by Islamist leaders for the extermination of al\xe2\x80\xa6'
AHSIDIV,2020-02-29 05:10:19,b'#India to be the AI Garage of the world!\n#AIforAll #ArtificialIntelligence @NITIAayog \n#FOW2020 \n#ClassKlap https://t.co/NOMKlesLXv'
LalithRaj04,2020-02-29 05:10:20,"b'RT @BahrainVMI: We Are Proud To make Awareness On Corona Virus \xf0\x9f\x98\xb6 Total 38+ Cases Of Corona Here in Bahrain \xf0\x9f\x98\xa3\nFace Masks Has No Stock , We I\xe2\x80\xa6'"
trivedi_tarang,2020-02-29 05:10:20,b'RT @amritabhinder: Left\xe2\x80\x99s plan to hurt India is through an orchestrated Hindu Muslim divide:\n\nGoal\n- Theocratic states move away from India\xe2\x80\xa6'
Marinerz12,2020-02-29 05:10:20,b'RT @trtworld: Turkish President Recep Tayyip Erdogan denounces \xe2\x80\x9cmassacres\xe2\x80\x9d of Muslims in India after communal riots in New Delhi leave at l\xe2\x80\xa6'
sumanebot,2020-02-29 05:10:20,"b""RT @CeylonToday: India aren't taking Sri Lanka lightly - Harmanpreet Kaur\nStory link: https://t.co/dUstkzU4Sr\n#lka #CeylonToday #SriLanka"""
vkrama01,2020-02-29 05:10:20,"b'RT @parrysingh: Just a met a local Chinese businesman over lunch. \nHe: \xe2\x80\x9cWhich part of India are you from?\xe2\x80\x9d\nMe: \xe2\x80\x9cDelhi\xe2\x80\x9d\nHe: \xe2\x80\x9cOh, how\xe2\x80\x99s the r\xe2\x80\xa6'"
mkabhijit2,2020-02-29 05:10:20,b'@plumesofhappy @808constituent @JoshOhMyGosh2 @KimIversenShow like a Nazi swastika.\n\nHindu or Hinduoan se azaadi me\xe2\x80\xa6 https://t.co/4TvsQpsubs'
faizanjmi,2020-02-29 05:10:20,"b""RT @PoojaPrasanna4: One of these 'actors', Faizan, died today because of his injuries, you hateful demon.  #Delhi"""
geetv79,2020-02-29 05:10:20,"b'RT @drshamamohd: India\xe2\x80\x99s GDP growth slips to 4.7% in December quarter \n\nAll the hate speeches, provocations to violence &amp; shrill polarisati\xe2\x80\xa6'"
garrytomo,2020-02-29 05:10:20,b'RT @SarahTheHaider: It\xe2\x80\x99s not bigoted to say the West is more tolerant of minorities than India. Just as it is not bigoted to point out Indi\xe2\x80\xa6'
dynamycavien,2020-02-29 05:10:20,"b""@BCCI don't tell team India, they are playing a test match. They can make more runs in 20-20 overs.\xe2\x80\xa6 https://t.co/9S8IK7PoBH"""
HussainInzemam,2020-02-29 05:10:21,"b'RT @asadowaisi: BSF Jawan\xe2\x80\x99s House Burned Down in Khajuri Khas by Mob Shouting \xe2\x80\x98Come Here Pakistani, Get Your Citizenship\xe2\x80\x99\nhttps://t.co/giAC\xe2\x80\xa6'"
TheRoyal0077,2020-02-29 05:10:21,"b""RT @AbdulHamidAhmad: Mob attack on Muslim man in India's capital captured in dramatic photograph https://t.co/TqiC8usy28"""
Alok48088478,2020-02-29 05:10:21,"b'RT @ttindia: The Kejriwal government has sanctioned the prosecution of Kanhaiya Kumar and nine others in a sedition case, just when the Cen\xe2\x80\xa6'"
capiyushlalwani,2020-02-29 05:10:21,b'@SrJabir @manudev1991 @hussain_imtiyaz do you know hijacking public property is criminal offence .have you read con\xe2\x80\xa6 https://t.co/YnOcVgmDK2'
mfmqazi,2020-02-29 05:10:21,"b'RT @babubasu: Ridiculous. Gross misuse of a sedition law to squash a rising voice, while lynching, arson, killings, &amp; open incitements to v\xe2\x80\xa6'"
Mahadev45635447,2020-02-29 05:10:21,b'RT @MaheshFanTrends: #SarileruNeekevvaru &amp; #50DaysOfBBSLN Are Now Trending In India \xf0\x9f\x87\xae\xf0\x9f\x87\xb3\xf0\x9f\x91\x8d\xf0\x9f\x94\xa5 https://t.co/U1NvOLHuBD'
Xxarrior,2020-02-29 05:10:21,"b'RT @nilanjanaroy: ""Modi is yet to visit the families of those who bore the brunt of his political animus and shall continue to live in fear\xe2\x80\xa6'"
SciResMatters,2020-02-29 05:10:22,"b'#ICYMI, Read- https://t.co/eXi3ShCHrn,  about nurturing a #supportsystem for #India\xe2\x80\x99s #women #scientists!\n#scicomm\xe2\x80\xa6 https://t.co/faqYd2rWS6'"
himanshu20rocky,2020-02-29 05:10:22,b'@HMOIndia @maharashtra @PIB_India @MumbaiPolice @PunePolice4U @OfficeofUT @PMOIndia this is unacceptable. This is a\xe2\x80\xa6 https://t.co/NbQH2XEYDl'
ambitiousmayank,2020-02-29 05:10:22,"b'RT @saket71: Why such protests aren\xe2\x80\x99t happening in other Hindu countries? Oh, wait. There aren\xe2\x80\x99t any Hindu countries. So if you lose INDIA,\xe2\x80\xa6'"
BHARATNARAYAN7,2020-02-29 05:10:23,"b'RT @amitmalviya: Anatomy of Delhi riots..\n\nIt started with supremacist Islamist, anti-India slogans in the garb of \xe2\x80\x98protest against CAA\xe2\x80\x99 an\xe2\x80\xa6'"
PrakashChakra,2020-02-29 05:10:23,"b'1. #Cricket : #RishabhPant is playing in a #TestMatch, 2. #Bollywood - #AnanyaPandey is winning #Filmfare for best\xe2\x80\xa6 https://t.co/uyD466Qbm6'"
FarooqBaba,2020-02-29 05:10:23,b'RT @SamKhan999: Not really. Modi follows a psychopathic cult called RSS. A secret society of misogynistic bachelors that have grown hating\xe2\x80\xa6'
ibyusoff,2020-02-29 05:10:23,b'RT @mishap_bella: And the audacity they have to call muslims terrorists.'
jburkespraker,2020-02-29 05:10:23,b'RT @krmeera1: Wonderful to see this as the first thing this morning.'
moushhmii,2020-02-29 05:10:23,"b""@rkadelhi @kazhugan @rcallimachi He didn't delete, twitter deleted as it was violating Twitter rules\xf0\x9f\x98\x85 @TwitterIndia\xe2\x80\xa6 https://t.co/PI0d8cd3fh"""
AmyAyers16,2020-02-29 05:10:23,b'RT @MarkHertling: There was a aenior commander in a unit I was a part of during Desert Storm who also didn\xe2\x80\x99t sleep. Called folks in the mid\xe2\x80\xa6'
mazherr,2020-02-29 05:10:23,b'RT @Whats_appp_uni: New International Image of India..\n\xf0\x9f\x92\x94\n#DelhiViolance https://t.co/P4o1vvRPVP'
seokzwrld,2020-02-29 05:10:24,"b""RT @Tinyhoseokk: I'm sorry to bring this on Stan twt. But thr is this whole pogrom/ethnic cleansing going on in India right now..Mosques ar\xe2\x80\xa6"""
Qwrklicios,2020-02-29 05:10:24,b'RT @AmyMek: Trump refuses to condemn India\xe2\x80\x99s law (CAA) that fast tracks citizenship to victims of Muslim persecution in three Islamic Natio\xe2\x80\xa6'
Soma70317358,2020-02-29 05:10:24,"b'RT @ndtv: ""Do not drag judges into controversy"": Justice Arun Mishra. https://t.co/6zLlF1ByAK https://t.co/uFkjMhuu7q'"
alxhsa45,2020-02-29 05:10:24,"b'RT @Imamofpeace: Probably as a result of jealousy over Trump\xe2\x80\x99s visit to India, we have witnessed a vicious global attack on India, Hinduism\xe2\x80\xa6'"
Prince06268383,2020-02-29 05:10:24,"b'RT @BTSprojectINDIA: Spotify India \xf0\x9f\x87\xae\xf0\x9f\x87\xb3 Top 200 on 02/27/2020 \n\n\xf0\x9f\x94\xbb#24 ON (70,823) -6\n\xf0\x9f\x94\xbb#51 ON ft. Sia (43,807) -9\n\xf0\x9f\x94\xbb#52 Filter (43,229) -12\n\xf0\x9f\x94\xbb#81\xe2\x80\xa6'"
Shail67330119,2020-02-29 05:10:25,b'RT @TahirGora: Turkey has blocked Internet and social media access after a deadly attack on Turkish soldiers. Would Turkey now understand I\xe2\x80\xa6'
Ipshita_sen98,2020-02-29 05:10:25,"b'RT @DellTechIndia: Data is not new but we are suddenly more capable of dealing with data, because of the latest technology innovations.\n@ri\xe2\x80\xa6'"
Parshur07525741,2020-02-29 05:10:25,"b'RT @Sanjay_Dixit: This is deep perfidy on part of the \xe2\x80\x98King of Anarchy\xe2\x80\x99, Sad ji. Has he got scared of @KapilMishra_IND'"
ZubairKhanPK,2020-02-29 05:10:25,b'RT @trtworld: Turkish President Recep Tayyip Erdogan denounces \xe2\x80\x9cmassacres\xe2\x80\x9d of Muslims in India after communal riots in New Delhi leave at l\xe2\x80\xa6'
Manjarihooda,2020-02-29 05:10:25,"b""RT @rupasubramanya: @WSJ From blaming Hindu mobs earlier while speaking to @WSJ  Ankit Sharma's brother now blaming Muslim mobs.I know thes\xe2\x80\xa6"""
SumitSa49362148,2020-02-29 05:10:25,b'RT @dpradhanbjp: Had  a productive engagement with energy players from the US and India to advance our goals of energy security with the ob\xe2\x80\xa6'
murfiqahhhh,2020-02-29 05:10:25,b'RT @TheMcBang: A modern day Holocaust is occurring in India and the world could care less'
JeewanShah6,2020-02-29 05:10:25,b'RT @ZaidZamanHamid: Warning: Graphic violence by RSS Hindu lynch mobs against Muslims of Delhi....\nIt is happening all over India under dir\xe2\x80\xa6'
anurag2098,2020-02-29 05:10:25,b'RT @TarekFatah: You lie \xe2\x81\xa6@PriyamvadaGopal\xe2\x81\xa9 when you deliberately avoid mentioning the calls by Islamist leaders for the extermination of al\xe2\x80\xa6'
giacomofaustini,2020-02-29 05:10:26,b'RT @RT_com: Western media: New laws in #India are divisive\n\n@SagarneelSinha explains how flawed &amp; ignorant this narrative is\n\nhttps://t.co/\xe2\x80\xa6'
KaranJa08428610,2020-02-29 05:10:26,"b'RT @lohewaliladki: National Emblem of India has Three Lions,\nIn actual they are four,\n\n1st Lion is @narendramodi\n\n2nd Lion is @AmitShah\n\n3r\xe2\x80\xa6'"
labelliwhale,2020-02-29 05:10:26,b'RT @gotthesin: and Muslims still the terrorists they said'
KayyAchh,2020-02-29 05:10:26,"b""RT @TimesNow: 'If Rajiv Gandhi was alive, he would have been hanged', @BJP4India's @TajinderBagga on 1984 riots.\n\nhttps://t.co/JzbBVAX6go"""
maria82598353,2020-02-29 05:10:27,"b'RT @AshaRangappa_: Is this supposed to be a positive? Lack of sleep contributes to poor brain functioning, lower immunity, and overall poor\xe2\x80\xa6'"
Srsseth,2020-02-29 05:10:27,b'RT @SalmanSoz: ~\xe2\x81\xa6@RanaAyyub\xe2\x81\xa9: Narendra Modi Sanctions Bloodshed in Delhi and India Suffers | Time\n\nDo read about the time of Bombay riots w\xe2\x80\xa6'
ajitbhinder,2020-02-29 05:10:27,"b'RT @majorgauravarya: The killings in Delhi are heartbreaking. But in a bid to be seen as strongman of the Islamic world, Erdogan talks only\xe2\x80\xa6'"
parryravi,2020-02-29 05:10:27,"b""RT @nowme_datta: https://t.co/0RU6GzMhgx . I am constantly snooping into people's phones for er research purposes. So I noticed all the del\xe2\x80\xa6"""
rajpersonal2002,2020-02-29 05:10:27,"b'RT @ashoswai: In New India, a Muslim must surrender himself to die when a Hindutva mob comes attacking. If he resists and tries to survive,\xe2\x80\xa6'"
TheTravelure,2020-02-29 05:10:27,"b'My Year-long Series - \xf0\x9d\x97\xa7\xf0\x9d\x97\xbf\xf0\x9d\x97\xae\xf0\x9d\x98\x83\xf0\x9d\x97\xb2\xf0\x9d\x97\xb9 \xf0\x9d\x97\x98\xf0\x9d\x98\x85\xf0\x9d\x97\xbd\xf0\x9d\x97\xbf\xf0\x9d\x97\xb2\xf0\x9d\x98\x80\xf0\x9d\x98\x80\xf0\x9d\x97\xb6\xf0\x9d\x97\xbc\xf0\x9d\x97\xbb\xf0\x9d\x98\x80 (41/\xf0\x9d\x9f\xa5\xf0\x9d\x9f\xa8\xf0\x9d\x9f\xaa) - #travel #travelure \xe2\x81\xa3\n.\xe2\x81\xa3\nYummy milk cream dessert, anyone? Varan\xe2\x80\xa6 https://t.co/ZUZiXF58OS'"
hari_ell,2020-02-29 05:10:27,b'RT @doamuslims: Parveen Mallik lost everything in #DelhiViolence. \n\nHindutva extremist mob have burned down her house. She has lot everythi\xe2\x80\xa6'
SumitSa49362148,2020-02-29 05:10:27,"b'RT @dpradhanbjp: Co-chaired with US Energy Secretary Dan Brouillette @SecBrouillette, the U.S-India Energy Cooperation Roundtable attended\xe2\x80\xa6'"
Jatthegrt,2020-02-29 05:10:27,b'RT @anita_chauhan80: 1st Image: \xf0\x9d\x97\xa0\xf0\x9d\x97\xbf\xf0\x9d\x98\x80 \xf0\x9d\x97\x9e\xf0\x9d\x97\xae\xf0\x9d\x97\xbb\xf0\x9d\x97\xb6\xf0\x9d\x97\xb8\xf0\x9d\x97\xae \xf0\x9d\x97\xa5\xf0\x9d\x97\xae\xf0\x9d\x97\xbb\xf0\x9d\x97\xb2 receiving Sena Medal on behalf of her husband Major Kaustubh Rane in 2019.\n\n2nd Image: \xf0\x9d\x97\x9f\xf0\x9d\x97\xae\xf0\x9d\x97\xb1\xf0\x9d\x98\x86\xe2\x80\xa6'
hrishigaanje007,2020-02-29 05:10:28,"b""RT @AbediAA: It's been incredibly distressing to see what's been happening in India this week...so writing a song about Trump trip there ha\xe2\x80\xa6"""
1Asi786,2020-02-29 05:10:28,b'Assalamualaikum have reactivating my Facebook using the platform addressing concerns in problematic India\xe2\x80\xa6 https://t.co/1uruOrMqzt'
wiz_rhyno,2020-02-29 05:10:28,b'RT @gotthesin: and Muslims still the terrorists they said'
PriyaVrisha,2020-02-29 05:10:28,"b""RT @AndColorPockeT: He is from Pune, requesting Pune folks to send the notice, don't let them go free."""
_sufigaur,2020-02-29 05:10:29,b'RT @Miss_Saba110: @RTErdogan  msg for @narendramodi \xf0\x9f\xa5\xb4\nThanks @trtworld for posting this video \xf0\x9f\x99\x8f\n\n#DelhiRiot2020 \n#ModiMadeDisaster'
SumitSa49362148,2020-02-29 05:10:29,"b""RT @dpradhanbjp: India's march towards energy security and energy abundance has received a major boost with the introduction of persistent\xe2\x80\xa6"""
facts47021638,2020-02-29 05:10:29,b'RT @ttindia: A CPM leader from north Karnataka has accused police of not following up on his complaint against a Hindutva leader who had of\xe2\x80\xa6'
k277ramwarke,2020-02-29 05:10:29,b'RT @DVATW: Should India now move to ban the pernicious anti Hindu and anti Modi #BBChindi? RT if you agree.'
bhavimeenainc,2020-02-29 05:10:29,b'RT @ashokgehlot51: Pradhan Mantri Ujjwala Yojana (PMUY) is an example of how NDA schemes are half baked and failing in purpose. There is pr\xe2\x80\xa6'
RisingS08790350,2020-02-29 05:10:29,b'@bb62398721 @Stomatologist15 @RoflGandhi_ Are mere bhai CAA se kiska citizenship jaa raha except bangladeshi muslim\xe2\x80\xa6 https://t.co/AzQbbLItUg'
subhomoyb,2020-02-29 05:10:29,"b""RT @dineshcsharma: Some lessons in #history at India's top technology college, Hijli prison which is now @iitkharagpur https://t.co/XhzDFjL\xe2\x80\xa6"""
imPnahar99,2020-02-29 05:10:29,b'RT @EdwardGLuce: \xe2\x80\x9cIndia is being led by a man whose political career is marked by the blood of innocents\xe2\x80\x9d. The fearless @RanaAyyub on the s\xe2\x80\xa6'
sumanebot,2020-02-29 05:10:29,"b""RT @Amaliniii: Sri Lankans posting/saying things like 'oh no I hope this never happens here' need to remember that - just as in India - it\xe2\x80\xa6"""
RahimaWaseem,2020-02-29 05:10:29,"b'RT @arjunsethi81: If you haven\xe2\x80\x99t been following the latest out of India, this video tells you everything you need to know. \n\nA pogrom again\xe2\x80\xa6'"
iArmyyyyy,2020-02-29 05:10:29,b'RT @jinnieslamp: [#JinTrend] 200229 The hashtag #WorldwideMoon is trending at No. 30 Worldwide \xf0\x9f\x8c\x8f and in the following countries: \n\n#4 Malay\xe2\x80\xa6'
hera9228,2020-02-29 05:10:30,"b'RT @ashoswai: In New India, a Muslim must surrender himself to die when a Hindutva mob comes attacking. If he resists and tries to survive,\xe2\x80\xa6'"
sumanebot,2020-02-29 05:10:30,b'RT @NalimR: \xf0\x9f\x91\xbd\xf0\x9f\xa7\xa1s 2Forecast #Cricket\xf0\x9f\x8f\x8fT-2/2 #NZvsIND #datatalk #AI #ML #BigData #DataViz #VR  #rstats #BI #CeylonTea\xe2\x98\x95#lka #IoT #fintech #Code\xe2\x80\xa6'
Rahulsrinivas6,2020-02-29 05:10:30,b'RT @MaheshFanTrends: #SarileruNeekevvaru &amp; #50DaysOfBBSLN Are Now Trending In India \xf0\x9f\x87\xae\xf0\x9f\x87\xb3\xf0\x9f\x91\x8d\xf0\x9f\x94\xa5 https://t.co/U1NvOLHuBD'
Unknown29824394,2020-02-29 05:10:30,"b'RT @ashoswai: In New India, a Muslim must surrender himself to die when a Hindutva mob comes attacking. If he resists and tries to survive,\xe2\x80\xa6'"
tadipaar_iiitr,2020-02-29 05:10:30,"b'RT @VishalDadlani: #AAP started out as people criticising a government that was wrong.\n\nMost #AAP supporters are still those people, &amp; stil\xe2\x80\xa6'"
SMSsupply,2020-02-29 05:10:30,"b'RT @Nextgeninfratel: Nextgen is a leading enterprise Bulk SMS services provider Company in Noida. We offer Promotional SMS, Transactional S\xe2\x80\xa6'"
rishab_mehta,2020-02-29 05:10:31,b'RT @vivekagnihotri: Who is dividing my India? \n\nBrilliant meme by a well wisher. https://t.co/jB5KnueNCp'
im_mohdnizam,2020-02-29 05:10:31,"b'RT @KhaledBeydoun: Islamophobia is a \xf0\x9f\x8c\x8d global phenomenon: \n\n\xf0\x9f\x87\xae\xf0\x9f\x87\xb3 India - #Delhi riots leave 40 dead, 4 mosques destroyed\n\n\xf0\x9f\x87\xa9\xf0\x9f\x87\xaa Germany - anti-M\xe2\x80\xa6'"
DeshmukhAdity10,2020-02-29 05:10:31,"b'RT @advmonikaarora: Congrats! Delhi high court takes notice of hate speeches of Sonia Gandhi, Rahul Gandhi, Priyanka Gandhi, Waris Pathan a\xe2\x80\xa6'"
savaliya_rinkal,2020-02-29 05:10:31,b'RT @ZeeNews: #GoogleDoodle celebrates Leap Day 2020 with jumping logo\nhttps://t.co/cSANlz1Cz2'
MaazSid16028355,2020-02-29 05:10:31,"b'RT @OpusOfAli: If Hindus are able to exterminate/expel Muslims from India, they will have one more festival like Diwali. When they can cele\xe2\x80\xa6'"
IMRANSHEIKH05,2020-02-29 05:10:31,b'RT @nsuiShahidsheik: In BJP Government everything related to economy is all time low and everything related to riots and hatred is all time\xe2\x80\xa6'
PSchwiter,2020-02-29 05:10:31,b'RT @AnuragAtul: A very serious and Good Article https://t.co/B7DESsXTcU'
Chika72350331,2020-02-29 05:10:31,b'RT @FLOTUS: Thank you @narendramodi for welcoming me and @POTUS to your beautiful country. We were delighted to receive such a warm welcome\xe2\x80\xa6'
Imtiyaz72150686,2020-02-29 05:10:32,"b'RT @UNGeneva: ""In #India, the Citizenship Amendment Act adopted last December is of great concern. Indians in huge numbers, and from all co\xe2\x80\xa6'"
Premlat47696223,2020-02-29 05:10:32,"b'RT @GituSharma16: #GodMorningTuesday\n\nEvery year, many women lose their lives only because of Dowry, but it will not happen more.\nPlease Wa\xe2\x80\xa6'"
JahandadKT,2020-02-29 05:10:32,b'RT @BernieSanders: Over 200 million Muslims call India home. Widespread anti-Muslim mob violence has killed at least 27 and injured many mo\xe2\x80\xa6'
JoshiUpes,2020-02-29 05:10:32,b'RT @TrulyMonica: Hardcore Leftist politics has no future in India and Arvind Kejriwal has understood it very clearly. First he unfollowed a\xe2\x80\xa6'
hari_ell,2020-02-29 05:10:32,"b'RT @AJEnglish: Muslims have been demonised in India. Now we are witnessing the violence that demonisation encourages. \xe2\x80\x94 writes @manasharya,\xe2\x80\xa6'"
Harshit_raj3,2020-02-29 05:10:32,b'@Ferg I am a regular free player of cod mobile since it is launched. I dont have money to upgrade to pass. i just n\xe2\x80\xa6 https://t.co/D2c1HF2MzA'
JrPauIy,2020-02-29 05:10:32,b'RT @kanwar17: 1984: My nana had to remove his pagh while traveling on a bus in India so the mobs outside wouldn\xe2\x80\x99t kill him for being Sikh\xe2\x80\xa6'
AVINASH49465394,2020-02-29 05:10:32,b'RT @Cricketracker: Another batting collapse for India. #NZvIND https://t.co/wBrX5DSgO4'
Ilovemy16450332,2020-02-29 05:10:32,b'RT @EdwardGLuce: \xe2\x80\x9cIndia is being led by a man whose political career is marked by the blood of innocents\xe2\x80\x9d. The fearless @RanaAyyub on the s\xe2\x80\xa6'
Bane_DNR,2020-02-29 05:10:32,"b'RT @janmajit07: Imp. #Thread - 1/6\n\nChronology of Events to Defame India Internationally:\n\n1. In 2000, during the visit of US President Bil\xe2\x80\xa6'"
Advaidism,2020-02-29 05:10:33,b'RT @Suvarna_haridas: Population of India :1.35 billion \nGDP of India : $2.59 Trillion\n\xe2\x80\x94\xe2\x80\x94\n\nPopulation of Africa  :1.22 billion \nGDP aggregat\xe2\x80\xa6'
_D_A_R_S_H_,2020-02-29 05:10:33,b'RT @ZeeNews: Photo Gallery: #HinaKhan shines brighter than the Goa sun\nhttps://t.co/8fEUEVMhQp'
ranjit0852,2020-02-29 05:10:33,"b'RT @davidfrawleyved: The kind of torture and mutilation that Hindu victims of Delhi riots show suggests the influence of ISIS, which is now\xe2\x80\xa6'"
annihilator2013,2020-02-29 05:10:33,"b'@hvgoenka In that sense, during the #MeToo campaign, most of the men whose names were called out were also serving\xe2\x80\xa6 https://t.co/hoa2Ko203J'"
SUPRATI04307124,2020-02-29 05:10:33,b'Why India require JUDICIAL SYSTEM in India to waste money &amp; to damage human right?\n1.The felony convicts were relea\xe2\x80\xa6 https://t.co/DgZGAOxusb'
itisrrv,2020-02-29 05:10:33,"b'RT @ashoswai: In New India, a Muslim must surrender himself to die when a Hindutva mob comes attacking. If he resists and tries to survive,\xe2\x80\xa6'"
WZamier,2020-02-29 05:10:33,b'RT @gotthesin: and Muslims still the terrorists they said'
BhumikaShah7,2020-02-29 05:10:34,b'Delhi is Dil of India. \nWho planned to burn it for political gain?\n@ArvindKejriwal must be happy now!\nAll he wanted\xe2\x80\xa6 https://t.co/21aWAaegKR'
ta4OGwMFnRdWXBk,2020-02-29 05:10:34,"b'RT @dpradhanbjp: Along with colleagues from @BJP4Odisha accompanied Hon. Home Minister Shri @AmitShah to Jagannath Temple, Puri and sought\xe2\x80\xa6'"
parekh_time,2020-02-29 05:10:34,b'RT @imMAK02: A mosque was attacked in Dwarka on Friday early Morning.\n\nAccording to residents attackers pelted stones and shouted Jai Sri R\xe2\x80\xa6'
goblintruthnow,2020-02-29 05:10:34,b'RT @sopranoxs: What Happened in Delhi Was a Pogrom:  India\xe2\x80\x99s ruling party will allow nothing to stand in the way of its Hindu-nationalist a\xe2\x80\xa6'
IMRANSHEIKH05,2020-02-29 05:10:34,b'RT @nsuiShahidsheik: Why is NHRC silent on #DelhiViolence\n\nBy the statutory mandate National Human Rights Commission NHRC is empowered to t\xe2\x80\xa6'
republic,2020-02-29 05:10:35,b'Delhi govt no less ill-informed than Centre in understanding sedition law: Chidambaram https://t.co/nOCKJzhjCm'
mssankofa,2020-02-29 05:10:35,"b""RT @TomJChicago: Mulvaney, a Trump enabler, is making excuses for what is actually Trump's dementia ravaged condition. If he went 48 hours\xe2\x80\xa6"""
CWG_2G_CoalGate,2020-02-29 05:10:35,"b""#voteoutincompetence\nISN'T IT RIGHT TIME TO VOTE OUT ALL THOSE POLITICAL OUTFITS WHO DONT SUPPORT ONE INDIA AND KEE\xe2\x80\xa6 https://t.co/KlKDs0VUXa"""
untvin,2020-02-29 05:10:35,"b'RT @shubh_ind: Make the most of this and report every hate monger out there, even if he/she is your family member.\n\nYou can atleast do this\xe2\x80\xa6'"
Ravinder536R,2020-02-29 05:10:35,b'RT @DDNewslive: Who is answerable for  #kashmiripandits forced mass exdous? Has there been a closure for #kashmiripandits forced genocide ?\xe2\x80\xa6'
SumitSa49362148,2020-02-29 05:10:35,"b'RT @narendramodi: Here is how @POTUS was welcomed in Ahmedabad. \n\nDuring our first meeting at the White House, @realDonaldTrump told me tha\xe2\x80\xa6'"
_khajandar,2020-02-29 05:10:35,"b'RT @drshamamohd: India\xe2\x80\x99s GDP growth slips to 4.7% in December quarter \n\nAll the hate speeches, provocations to violence &amp; shrill polarisati\xe2\x80\xa6'"
babypingkates,2020-02-29 05:10:35,b'RT @AmyMek: Trump refuses to condemn India\xe2\x80\x99s law (CAA) that fast tracks citizenship to victims of Muslim persecution in three Islamic Natio\xe2\x80\xa6'
AVINASH49465394,2020-02-29 05:10:35,b'RT @mipaltan: India have gone from 194/4 to 242 all out at Christchurch! \n\n#OneFamily #CricketMeriJaan #NZvIND'
HirenMParekh,2020-02-29 05:10:36,b'RT @republic: Telangana ministers eat chicken on stage for coronavirus awareness campaign https://t.co/6CuGZ2IUtz'
Apiz0000,2020-02-29 05:10:36,b'RT @gotthesin: and Muslims still the terrorists they said'
MdRaqueeb17,2020-02-29 05:10:36,"b'RT @YasirPost: While Muslims are being murdered in India, the rest of the world is too slow to condemn\nhttps://t.co/gYvQXUZbtY'"
umar_engr,2020-02-29 05:10:36,"b'After going through Indian social media post #DelhiRiot2020 , I realized #India is perhaps the most inhuman and dep\xe2\x80\xa6 https://t.co/3OkKlP0twX'"
sathya_ayhtas,2020-02-29 05:10:36,b'RT @fwildecricket: This is one of my favourite innings of all time &amp; a knock that inspired me to work in cricket. India had to chase 321 in\xe2\x80\xa6'
Pardeep48487287,2020-02-29 05:10:36,"b'RT @Khora777MSG: #CelebrationsWithWelfare\nToday on the pious occasion of Maha Rehmokaram Day, thousands of followers from various states of\xe2\x80\xa6'"
Manjarihooda,2020-02-29 05:10:37,"b'RT @rupasubramanya: @WSJ ""On Thur,Mr.Sharma\xe2\x80\x99s brother repeated the story but said he and his family believed he was killed by supporters of\xe2\x80\xa6'"
Krishnara,2020-02-29 05:10:37,b'RT @dharmadispatch: For those who care: do invest at least 1 hour each day to study the history of communism in India. Using their own docu\xe2\x80\xa6'
facts47021638,2020-02-29 05:10:37,b'RT @ttindia: #TelegraphFrontPage Chilling coincidence: Two callers \xe2\x80\x94 MP now and ex-MP then. Both times calls to cops for help go unheeded.\xe2\x80\xa6'
SumitSa49362148,2020-02-29 05:10:37,"b'RT @narendramodi: During his speech at the #NamasteTrump programme, @POTUS @realDonaldTrump highlighted aspects of his vision for USA. He a\xe2\x80\xa6'"
NamanPandey_,2020-02-29 05:10:37,"b""@ANI Indian team got no chill. Let's play early and finish off to reach India asap"""
rashidTKH,2020-02-29 05:10:37,b'RT @Sakshi_Jaipur: Please take some action @UN \xf0\x9f\x99\x8f our paid media ruined our culture sovernity fraternity. Please save minority in India Save\xe2\x80\xa6'
Jatthegrt,2020-02-29 05:10:37,"b'Look at the change in posture, aura and personality between both the pics.'"
atxiddiqui,2020-02-29 05:10:37,b'RT @_imAbdul: NYC came out condemning the Fascist state of India!! \n\nShame on the Indian government for failing in their duty of serving n\xe2\x80\xa6'
vinod29418739,2020-02-29 05:10:37,"b'RT @amitmalviya: In April 2019, an ISIS suspect identified as Mohd Faiz, was arrested from Jafrabad in Delhi. Again in Jan 2020, the Specia\xe2\x80\xa6'"
ultimateniks,2020-02-29 05:10:38,"b""RT @Kush1910: Lesson for Hindus from These\nriots that We're under threat. the language of jihad against Hindua and breaking India and it\nne\xe2\x80\xa6"""
twiggyoh,2020-02-29 05:10:38,"b'RT @Imamofpeace: Probably as a result of jealousy over Trump\xe2\x80\x99s visit to India, we have witnessed a vicious global attack on India, Hinduism\xe2\x80\xa6'"
arundeshwal17,2020-02-29 05:10:38,b'RT @AmyMek: Trump refuses to condemn India\xe2\x80\x99s law (CAA) that fast tracks citizenship to victims of Muslim persecution in three Islamic Natio\xe2\x80\xa6'
19_sardar,2020-02-29 05:10:38,b'RT @Raghuna60111601: It may not have made it to the 7 wonders of the world. But it has the extraordinary craftsmanship clubbed with precisi\xe2\x80\xa6'
RahulBh37100165,2020-02-29 05:10:38,b'RT @ITGDsports: #INDvNZ #NZvIND | SIX! Back-to-back sixes for Mohammed Shami\n\n26 runs have been added for the 10th wicket\n\nIND (242 for 9)\xe2\x80\xa6'
rangstore,2020-02-29 05:10:38,"b'RT @with_reach: India is the leader in mobile commerce usage, with 70% of Indian consumers preferring it for shopping. Is your site optimiz\xe2\x80\xa6'"
kquinn02,2020-02-29 05:10:38,"b'RT @seanchucalgary: Lots people asked me if I\xe2\x80\x99m also going. No, I\xe2\x80\x99m not! I\xe2\x80\x99ll not go even if I was invited. As the Deputy Mayor for Feb, I\xe2\x80\xa6'"
jaitanakaa,2020-02-29 05:10:38,b'RT @rezaaslan: CJ has it right. It\xe2\x80\x99s time to stop calling Modi\xe2\x80\x99s RSS \xe2\x80\x9cHindu Nationalism\xe2\x80\x9d and start calling it what it is: Hindu Nazism.'
SafyHugs1,2020-02-29 05:10:38,b'RT @doamuslims: Parveen Mallik lost everything in #DelhiViolence. \n\nHindutva extremist mob have burned down her house. She has lot everythi\xe2\x80\xa6'
2611attack_,2020-02-29 05:10:38,"b""RT @PoisonOfChoice: Bigot AND racist. Naiiice! \xf0\x9f\x98\x82\n\nNot the first time she has disparaged India and it's culture either. Classic case of when\xe2\x80\xa6"""
Jabaar10,2020-02-29 05:10:38,"b'RT @Zebaism: Here\xe2\x80\x99s the full report: \n\nI met a BSF Jawan\xe2\x80\x99s family, who were attacked in #DelhiRiots \nEven a soldier\xe2\x80\x99s family was called a \xe2\x80\x98\xe2\x80\xa6'"
ZeenatRahmani,2020-02-29 05:10:38,"b""RT @AbdulHamidAhmad: Mob attack on Muslim man in India's capital captured in dramatic photograph https://t.co/TqiC8usy28"""
RajputNikhil019,2020-02-29 05:10:38,"b'In recent decades, the idea of India is under threat. The democratic values and principles of inclusiveness and div\xe2\x80\xa6 https://t.co/DvmZoloImu'"
gurleenxkaur,2020-02-29 05:10:39,b'RT @jaskarnsingh87: I\xe2\x80\x99m convinced that india has about every singer duplicate https://t.co/URmEvY3NWn'
OldandN,2020-02-29 05:10:39,"b'See the audacity of these guys, if it is their case, wanted a speedy trail. Never raised anything about the delay i\xe2\x80\xa6 https://t.co/A07au4hH0u'"
CountryHai,2020-02-29 05:10:39,b'RT @TarekFatah: You lie \xe2\x81\xa6@PriyamvadaGopal\xe2\x81\xa9 when you deliberately avoid mentioning the calls by Islamist leaders for the extermination of al\xe2\x80\xa6'
mehulbadshah,2020-02-29 05:10:39,"b'RT @VPSecretariat: The Vice President of India Shri M Venkaiah Naidu with the Chairmen of various Port Trusts in Mamallapuram, Tamil Nadu t\xe2\x80\xa6'"
shaynealone,2020-02-29 05:10:40,b'RT @95aliahmadi: This you see is in India and the people fighting are Hindus and the person lying on the ground is a Muslim.  Hindu people\xe2\x80\xa6'
Ansari_Tanveer1,2020-02-29 05:10:40,"b'RT @genesiaalves: \xe2\x80\x9cThere is no flag large enough to cover the shame of the killing of innocents.\xe2\x80\x9d\nI am so sorry, India. https://t.co/HAVW01\xe2\x80\xa6'"
MdAbuAlKhasim,2020-02-29 05:10:40,"b'RT @ArunSFan: Hello India, millions of Hindu brothers &amp; Sisters living peacefully and are very successful in Muslim majority Countries like\xe2\x80\xa6'"
Alokpurohit555,2020-02-29 05:10:40,b'RT @ashokachkan: @arifaajakia In India Hindu temple trust are managed by government while other religions trust are not touched . In fact D\xe2\x80\xa6'
B4GVNe7uJoS1tuI,2020-02-29 05:10:40,"b'RT @AbrarNazir14: When Sadat Hasan Manto decided to leave India because of growing communal violence, his friend Shyam Chadda picks up bott\xe2\x80\xa6'"
addi6297singh,2020-02-29 05:10:40,b'RT @DrHarjitBhatti: 25 muslim families who were hiding in hindu family houses in shyam vihar since yesterday were escorted by police &amp; brou\xe2\x80\xa6'
SharmaSumity,2020-02-29 05:10:40,"b'RT @IndiaSpeaksISD: Home Minister Amit Shah had decided to remove Shaheen Bagh protesters the day it was launched, but for outgoing Delhi P\xe2\x80\xa6'"
goldyhyder,2020-02-29 05:10:40,b'RT @anshumangaur: #HockeyIsForEveryone especially for the Indian Community and Students from India. Earlier we had a career counseling sess\xe2\x80\xa6'
Ranjithguru12,2020-02-29 05:10:41,b'Great iniatative  @BahrainVMI Proud moment #UnitedByThalapathyVIJAY #Master \xf0\x9f\x98\x8d\xf0\x9f\x98\x8d\xe2\x9d\xa4'
Sam4delhi,2020-02-29 05:10:41,"b'RT @majorgauravarya: The killings in Delhi are heartbreaking. But in a bid to be seen as strongman of the Islamic world, Erdogan talks only\xe2\x80\xa6'"
rjasani9,2020-02-29 05:10:41,b'RT @TarekFatah: You lie \xe2\x81\xa6@PriyamvadaGopal\xe2\x81\xa9 when you deliberately avoid mentioning the calls by Islamist leaders for the extermination of al\xe2\x80\xa6'
Being_Deshi_Boy,2020-02-29 05:10:41,b'RT @FLOTUS: Thank you @narendramodi for welcoming me and @POTUS to your beautiful country. We were delighted to receive such a warm welcome\xe2\x80\xa6'
ShashankITSoft,2020-02-29 05:10:41,"b""RT @PoojaPrasanna4: One of these 'actors', Faizan, died today because of his injuries, you hateful demon.  #Delhi"""
rayeesiyaana,2020-02-29 05:10:42,"b""RT @BDUTT: The photograph that broke India's heart. #Mojo went on the ground to bring you the child and the family behind it. Watch, Share\xe2\x80\xa6"""
aswinkumar22jun,2020-02-29 05:10:42,b'RT @cricbuzz: The 2020 edition of the Asia Cup is set to be a T20 tournament https://t.co/OAPMU4ay5T'
vina0013,2020-02-29 05:10:42,b'RT @vivekagnihotri: Who is dividing my India? \n\nBrilliant meme by a well wisher. https://t.co/jB5KnueNCp'
SumitSa49362148,2020-02-29 05:10:42,"b'RT @dpradhanbjp: Under PM @narendramodi, for the first time in history, every village in India now has access to electricity, 70 million mo\xe2\x80\xa6'"
manishsinghm,2020-02-29 05:10:42,b'Any suffering for Noida or should we hop on Gurgaon :)'
freena_saju,2020-02-29 05:10:42,"b'RT @ashoswai: In New India, a Muslim must surrender himself to die when a Hindutva mob comes attacking. If he resists and tries to survive,\xe2\x80\xa6'"
Sheel_Cheerzz,2020-02-29 05:10:42,"b""RT @sssingh21: Another ugly example of 'divider'. 200 million Muslims are as much Indian as the rest of us. An unfortunate riot happened in\xe2\x80\xa6"""
Bugsabee,2020-02-29 05:10:42,"b'RT @AudreyTruschke: India is broken, and a great many Indians are paying a dear price in terms of lives and livelihoods.\n\nI care about and\xe2\x80\xa6'"
NPeace60,2020-02-29 05:10:42,b'But it managed our dependency on China. Bring our medical back. Use more India. They are a true democracy. Thank yo\xe2\x80\xa6 https://t.co/EwbBvIsD4D'
YogiGhosh,2020-02-29 05:10:43,"b'RT @AneesaBaluch: Terrorism spreader #PakistanArmy cannot fight conventional war with #India. It is organising, motivating, brainwashing, &amp;\xe2\x80\xa6'"
TasnimHashim,2020-02-29 05:10:43,"b'RT @ashoswai: Under Manmohan Singh, India was a major player in Afghanistan, under Modi, it has reduced to be an \xe2\x80\x98observer\xe2\x80\x99. But, Indian me\xe2\x80\xa6'"
Jeeshan7851,2020-02-29 05:10:43,"b'RT @YasirPost: While Muslims are being murdered in India, the rest of the world is too slow to condemn\nhttps://t.co/gYvQXUZbtY'"
sudheesh2003,2020-02-29 05:10:43,"b'Optimistic fans rn: well, shastri did say boom may get fifer today\n\nOptimistic fans at end of day: India suck in se\xe2\x80\xa6 https://t.co/LcGm6EzEJq'"
wind_in_grass,2020-02-29 05:10:43,"b'RT @QuickTake: \xe2\x80\x9cPeople are committing suicide because of this citizenship tangle in Assam.""\n\nMillions in India could end up in Prime Minist\xe2\x80\xa6'"
sanjaisaini,2020-02-29 05:10:43,b'RT @pbhushan1: Read this story of this cop who went beyond the call of duty to save lives by putting his own at risk. An officer true to hi\xe2\x80\xa6'
planet_curious,2020-02-29 05:10:43,"b'RT @rupagulab: It\xe2\x80\x99s a curse to be poor anywhere in the world, but more so in India. Because you are cannon fodder for violent politicians s\xe2\x80\xa6'"
jaygupta08,2020-02-29 05:10:44,"b'Was just going through @ImranKhanPTI profile , chacha r u PM of India or #Pakistan . N c have enough opposition par\xe2\x80\xa6 https://t.co/M4O1zIjRoe'"
pookoo_2000,2020-02-29 05:10:44,"b'RT @AshaRangappa_: Is this supposed to be a positive? Lack of sleep contributes to poor brain functioning, lower immunity, and overall poor\xe2\x80\xa6'"
KamranA55535496,2020-02-29 05:10:44,"b'RT @ashoswai: In New India, a Muslim must surrender himself to die when a Hindutva mob comes attacking. If he resists and tries to survive,\xe2\x80\xa6'"
NooriBaig,2020-02-29 05:10:44,b'RT @ZaidZamanHamid: This will explain to you what virus is infecting India today....! \nNeed I say anything more? \n1000 years of slavery und\xe2\x80\xa6'
MoinoLogics,2020-02-29 05:10:44,b'RT @KhaledBeydoun: During the Muslim slaughter in #Delhi:\n\n\xe2\x9c\x94\xef\xb8\x8fChristian leaders opened up their Churches to injured &amp; afraid Muslims\n\n\xe2\x9c\x94\xef\xb8\x8fSikh\xe2\x80\xa6'
ikram0077,2020-02-29 05:10:44,"b'RT @SushantSin: From February 23 to 26, the number of distress calls to the police control room rose sharply, from 700 on 23rd, to 3,500 on\xe2\x80\xa6'"
_dforce,2020-02-29 05:10:44,b'RT @akm1410: Why does arnab wear sunglasses inside the cabin? https://t.co/N5NP5kXqLZ'
GrandTweetsPost,2020-02-29 05:10:44,"b'RT @SoStarMusic: Delhi riots: Muslim women recall horror of Molotov cocktails and arson\n\n""From our window, we could see another Muslim neig\xe2\x80\xa6'"
JATTlANA,2020-02-29 05:10:44,b'RT @kanwar17: 1984: My nana had to remove his pagh while traveling on a bus in India so the mobs outside wouldn\xe2\x80\x99t kill him for being Sikh\xe2\x80\xa6'
Shivam13730374,2020-02-29 05:10:44,"b'RT @itsManuIN: @Pravinv99 @PhonePe_ @PhonePeSupport Done!!\nSome converted pigs proudly asking about gulf oil, salo Madarsachapo India also\xe2\x80\xa6'"
Catgirl_Gaymer,2020-02-29 05:10:45,"b'RT @lksriv: This is incredibly difficult to watch, but the world should not look away. \nThis is the setting for a mass atrocity. This is ho\xe2\x80\xa6'"
23_rahulr,2020-02-29 05:10:45,"b'RT @SportstarScores: Tight bowling from India so far, picking up three wickets in the first 10 overs. SL 52/3. #INDvSL #T20WorldCup \n\nLive\xe2\x80\xa6'"
jaitanakaa,2020-02-29 05:10:45,b'RT @cjwerleman: WARNING: a mob of Hindutva thugs near an already unconscious Muslim man with rods and sticks.\n\nWhat more can be said about\xe2\x80\xa6'
NH_India,2020-02-29 05:10:45,b'The chance of #COVID19 turning into a global pandemic is very real. #Coronavirus #CoronavirusOutbreak https://t.co/9SaMBfM1sw'
AshimaSingh9,2020-02-29 05:10:45,b'RT @AdityaMenon22: The mosque near Shahjahanabad Apartments in Dwarka was attacked at around 2.30 am last night. The attackers threw stones\xe2\x80\xa6'
Raja12976428,2020-02-29 05:10:45,b'@AmitShah You are great home minister of India'
AkashCh22054066,2020-02-29 05:10:45,"b""RT @Akshatu85024412: #NTPC2019 \n@narendramodi \nRespected sir, you take pride in India's largest youth population but you don't know what ki\xe2\x80\xa6"""
chatukarita_2,2020-02-29 05:10:45,b'RT @kamaalrkhan: 12 Hindu billionaires live in the UAE instead of India because they don\xe2\x80\x99t feel safe in India. But they feel more safe in a\xe2\x80\xa6'
wmnpil,2020-02-29 05:10:45,b'RT @gotthesin: and Muslims still the terrorists they said'
pankajja5050,2020-02-29 05:10:45,b'RT @TahirGora: Turkey has blocked Internet and social media access after a deadly attack on Turkish soldiers. Would Turkey now understand I\xe2\x80\xa6'
BlogMandal,2020-02-29 05:10:45,b'Trouble in BHU as students seek VC\xe2\x80\x99s removal \xe2\x80\x93 Times of\xc2\xa0India https://t.co/KUP7pGr6NC'
narendrapjoshi,2020-02-29 05:10:45,"b'RT @dharmicverangna: The biggest #HinduGenocide in the history of modern India has been forgotten by the world !\n\nBut, Ma Sharika ki kasam\xe2\x80\xa6'"
JustoneK7,2020-02-29 05:10:45,"b'@happyshiv123 @ABookReader1 @vivekagnihotri True, if India was poor nobody would have bothered. Wealth is the great\xe2\x80\xa6 https://t.co/jKbEhbZFvj'"
AbdulAz22729340,2020-02-29 05:10:46,b'RT @UrbanXpat: What made you think that I will follow him? He said that India will become Syria if court gives the land back to Muslims for\xe2\x80\xa6'
carolyn1315,2020-02-29 05:10:46,"b""RT @TomJChicago: Mulvaney, a Trump enabler, is making excuses for what is actually Trump's dementia ravaged condition. If he went 48 hours\xe2\x80\xa6"""
vijaysdabade,2020-02-29 05:10:46,b'@KarunaGopal1 @fgautier26 Funding of Indian media &amp; puppet journalists should be seriously investigated. Persons wh\xe2\x80\xa6 https://t.co/IATePesbfy'
Bravopapa16,2020-02-29 05:10:46,b'RT @TahirGora: . @BernieSanders You are creating Hinduphobia in the hearts of Muslims for your votes. Amongst those killed in Delh are Musl\xe2\x80\xa6'
CGSPhaniSai,2020-02-29 05:10:46,b'RT @TahirGora: . @BernieSanders You are creating Hinduphobia in the hearts of Muslims for your votes. Amongst those killed in Delh are Musl\xe2\x80\xa6'
libralg,2020-02-29 05:10:46,"b'RT @majorgauravarya: The killings in Delhi are heartbreaking. But in a bid to be seen as strongman of the Islamic world, Erdogan talks only\xe2\x80\xa6'"
jay_shyara,2020-02-29 05:10:46,b'I am not waiting for IPL!\nI AM WAITING FOR MY GOD MS DHONI .\xf0\x9f\x99\x8f\nI LOVE YOU MAHIBHAI\nAB JALDI SE 29TH MARCH AAJAI TO M\xe2\x80\xa6 https://t.co/cOoz0mObmB'
s_kindia1,2020-02-29 05:10:46,b'RT @imMAK02: A mosque was attacked in Dwarka on Friday early Morning.\n\nAccording to residents attackers pelted stones and shouted Jai Sri R\xe2\x80\xa6'
services_ns,2020-02-29 05:10:46,b'Photos: Ranveer Singh wears a black t-shirt with the most unexpected pants for his outing in the city! \xe2\x80\x93 Times of\xc2\xa0I\xe2\x80\xa6 https://t.co/6aOEWgVjsZ'
sachin_g_k,2020-02-29 05:10:46,b'RT @EdwardGLuce: \xe2\x80\x9cIndia is being led by a man whose political career is marked by the blood of innocents\xe2\x80\x9d. The fearless @RanaAyyub on the s\xe2\x80\xa6'
RV_Vickram,2020-02-29 05:10:46,b'@HafeezRohail @HamidMirPAK Yeh 90000 ne India is fantastic bola tha https://t.co/K1ujrYVe2Y'
PapiChu73163735,2020-02-29 05:10:47,b'RT @AnandWrites: India is a red-alert story every media outlet needs to be more focused on.'
realfd1954,2020-02-29 05:10:47,b'RT @ruthbenghiat: The heroic male leader who does not need sleep- people said the same thing about Mussolini and Hitler (the latter also ha\xe2\x80\xa6'
bmt_sabary,2020-02-29 05:10:47,"b'RT @untukmu25: O all Indonesian Muslims, does that not make us sad from the cruelty of Hindutva thugs against Muslim brothers and sisters i\xe2\x80\xa6'"
